{"ggA_sgn_M700_10.0": 1.91042, "ggH_int_M750_25.0": 1.52685, "ggH_sgn_M400_25.0": 2.12723, "ggA_sgn_M400_2.5": 2.10929, "ggH_sgn_M600_2.5": 1.97077, "ggA_int_M750_50.0": 1.51416, "ggH_sgn_M400_50.0": 2.1275, "ggH_int_M550_2.5": 1.55167, "ggA_sgn_M450_25.0": 2.03558, "ggH_int_M600_10.0": 1.54467, "ggA_sgn_M700_1.0": 1.91427, "ggA_sgn_M750_10.0": 1.89778, "ggA_int_M700_50.0": 1.51915, "ggH_sgn_M500_2.5": 2.02172, "ggH_int_M600_50.0": 1.54511, "ggA_sgn_M550_25.0": 1.96619, "ggH_sgn_M750_10.0": 1.92893, "ggH_sgn_M550_2.5": 1.99269, "ggA_int_M600_10.0": 1.53256, "ggH_sgn_M550_25.0": 1.99851, "ggA_sgn_M550_10.0": 1.96688, "ggH_int_M600_1.0": 1.53964, "ggA_int_M700_10.0": 1.5193, "ggH_sgn_M450_5.0": 2.06507, "ggA_sgn_M600_2.5": 1.94648, "ggH_int_M550_50.0": 1.55406, "ggA_sgn_M650_50.0": 1.92504, "ggH_int_M650_10.0": 1.53751, "ggA_int_M400_50.0": 1.59307, "ggA_int_M550_1.0": 1.54545, "ggH_int_M650_25.0": 1.5378, "ggH_int_M700_5.0": 1.53115, "ggH_int_M500_1.0": 1.55915, "ggH_sgn_M700_5.0": 1.94034, "ggA_sgn_M750_50.0": 1.89752, "ggH_sgn_M550_1.0": 1.98317, "ggA_sgn_M500_10.0": 1.9962, "ggH_int_M450_5.0": 1.5796, "ggA_sgn_M700_25.0": 1.91014, "ggH_sgn_M400_2.5": 2.12272, "ggA_sgn_M450_5.0": 2.03862, "ggH_sgn_M750_50.0": 1.92964, "ggH_int_M600_2.5": 1.54311, "ggA_sgn_M550_50.0": 1.96596, "ggA_int_M550_50.0": 1.54123, "ggH_sgn_M750_25.0": 1.92946, "ggH_sgn_M700_50.0": 1.94226, "ggH_sgn_M550_10.0": 1.99756, "ggH_int_M500_50.0": 1.56545, "ggH_int_M550_10.0": 1.55357, "ggH_int_M750_5.0": 1.52628, "ggH_sgn_M450_1.0": 2.05082, "ggH_int_M500_25.0": 1.56532, "ggA_sgn_M650_25.0": 1.92517, "ggA_int_M750_5.0": 1.5144, "ggH_int_M600_25.0": 1.545, "ggA_int_M750_2.5": 1.51467, "ggA_int_M500_50.0": 1.55257, "ggH_sgn_M650_5.0": 1.95528, "ggH_int_M500_5.0": 1.56427, "ggA_int_M450_1.0": 1.57517, "ggH_sgn_M550_5.0": 1.99597, "ggA_int_M400_2.5": 1.59642, "ggH_int_M650_50.0": 1.5379, "ggA_sgn_M400_25.0": 2.10091, "ggH_sgn_M550_50.0": 1.99883, "ggA_sgn_M650_5.0": 1.92623, "ggH_sgn_M650_1.0": 1.94523, "ggA_int_M400_1.0": 1.60168, "ggA_int_M650_5.0": 1.52558, "ggH_int_M750_1.0": 1.52336, "ggA_int_M450_2.5": 1.57091, "ggA_sgn_M450_2.5": 2.0424, "ggH_sgn_M600_1.0": 1.9619, "ggH_sgn_M400_5.0": 2.12507, "ggA_int_M550_25.0": 1.54132, "ggA_sgn_M500_5.0": 1.9977, "ggA_int_M650_10.0": 1.52531, "ggH_sgn_M650_10.0": 1.95648, "ggA_sgn_M550_1.0": 1.97674, "ggH_int_M750_50.0": 1.52693, "ggH_sgn_M450_10.0": 2.06676, "ggA_int_M550_5.0": 1.54204, "ggH_int_M750_2.5": 1.52556, "ggA_sgn_M400_10.0": 2.10235, "ggH_int_M700_50.0": 1.53191, "ggA_int_M750_10.0": 1.51427, "ggA_sgn_M600_25.0": 1.9434, "ggH_sgn_M450_50.0": 2.06808, "ggH_int_M650_1.0": 1.53308, "ggH_sgn_M650_25.0": 1.95723, "ggA_int_M500_5.0": 1.55362, "ggA_int_M750_25.0": 1.51419, "ggA_sgn_M650_10.0": 1.92556, "ggA_int_M700_1.0": 1.52083, "ggA_int_M450_50.0": 1.56813, "ggA_int_M400_5.0": 1.5947, "ggH_sgn_M650_50.0": 1.95747, "ggA_int_M650_50.0": 1.5251, "ggH_int_M750_10.0": 1.52664, "ggA_int_M600_25.0": 1.53236, "ggH_int_M400_50.0": 1.6033, "ggA_sgn_M450_50.0": 2.03519, "ggA_sgn_M550_5.0": 1.96802, "ggA_int_M700_5.0": 1.5195, "ggA_sgn_M400_50.0": 2.10043, "ggH_int_M700_10.0": 1.53159, "ggA_int_M450_5.0": 1.56945, "ggH_int_M650_2.5": 1.53571, "ggH_int_M700_25.0": 1.53183, "ggA_sgn_M700_5.0": 1.91091, "ggH_sgn_M700_10.0": 1.94144, "ggH_int_M450_10.0": 1.58025, "ggH_sgn_M400_1.0": 2.1151, "ggA_sgn_M500_50.0": 1.995, "ggA_sgn_M500_1.0": 2.00903, "ggA_int_M650_2.5": 1.52621, "ggA_int_M650_1.0": 1.52746, "ggA_sgn_M750_1.0": 1.90042, "ggH_sgn_M450_25.0": 2.06775, "ggH_sgn_M700_25.0": 1.94205, "ggA_sgn_M700_50.0": 1.91005, "ggA_int_M500_25.0": 1.55269, "ggA_int_M650_25.0": 1.52516, "ggA_int_M750_1.0": 1.51532, "ggA_sgn_M600_5.0": 1.94478, "ggA_int_M450_10.0": 1.56872, "ggH_sgn_M500_5.0": 2.02519, "ggA_sgn_M450_1.0": 2.05351, "ggH_int_M500_10.0": 1.56493, "ggH_sgn_M500_10.0": 2.0269, "ggA_int_M500_1.0": 1.55802, "ggH_sgn_M650_2.5": 1.9519, "ggH_sgn_M750_2.5": 1.92619, "ggA_int_M600_2.5": 1.53357, "ggA_sgn_M500_25.0": 1.9953, "ggH_sgn_M750_5.0": 1.92802, "ggA_int_M400_25.0": 1.59325, "ggH_int_M400_5.0": 1.60238, "ggA_sgn_M400_1.0": 2.1232, "ggH_int_M650_5.0": 1.53704, "ggH_sgn_M600_50.0": 1.97588, "ggA_sgn_M700_2.5": 1.91183, "ggA_int_M450_25.0": 1.56828, "ggA_int_M500_10.0": 1.55304, "ggA_sgn_M600_1.0": 1.95129, "ggA_int_M600_5.0": 1.5329, "ggA_int_M700_25.0": 1.51919, "ggA_int_M400_10.0": 1.59379, "ggH_int_M400_25.0": 1.6032, "ggA_sgn_M550_2.5": 1.97027, "ggH_sgn_M600_10.0": 1.97475, "ggH_int_M450_50.0": 1.58075, "ggA_sgn_M650_1.0": 1.93099, "ggA_sgn_M500_2.5": 2.00065, "ggH_sgn_M600_5.0": 1.97335, "ggH_int_M450_1.0": 1.57414, "ggA_sgn_M600_50.0": 1.94323, "ggA_int_M550_2.5": 1.54292, "ggH_sgn_M500_1.0": 2.01194, "ggA_sgn_M750_5.0": 1.89812, "ggH_sgn_M500_25.0": 2.0279, "ggA_sgn_M450_10.0": 2.03672, "ggH_int_M700_1.0": 1.52779, "ggH_int_M400_1.0": 1.59862, "ggH_sgn_M400_10.0": 2.12646, "ggH_int_M500_2.5": 1.56293, "ggH_sgn_M600_25.0": 1.9756, "ggH_int_M400_2.5": 1.6015, "ggH_sgn_M700_1.0": 1.93183, "ggA_sgn_M750_2.5": 1.89878, "ggA_int_M600_1.0": 1.53547, "ggA_sgn_M650_2.5": 1.92782, "ggH_int_M450_2.5": 1.57831, "ggH_int_M550_25.0": 1.55393, "ggH_int_M550_1.0": 1.54796, "ggA_sgn_M750_25.0": 1.89758, "ggH_sgn_M700_2.5": 1.93828, "ggH_int_M550_5.0": 1.55295, "ggH_int_M400_10.0": 1.60291, "ggH_sgn_M450_2.5": 2.0617, "ggA_sgn_M600_10.0": 1.94392, "ggA_int_M600_50.0": 1.53229, "ggH_int_M450_25.0": 1.58062, "ggA_int_M700_2.5": 1.51986, "ggA_int_M550_10.0": 1.54159, "ggH_int_M700_2.5": 1.53034, "ggH_int_M600_5.0": 1.54412, "ggA_int_M500_2.5": 1.55477, "ggH_sgn_M500_50.0": 2.02825, "ggA_sgn_M400_5.0": 2.10475, "ggH_sgn_M750_1.0": 1.92065}