{"ggA_sgn_M700_10.0": 1.91042, "ggH_sgn_M400_25.0": 2.12723, "ggA_sgn_M400_2.5": 2.10929, "ggH_sgn_M600_2.5": 1.97077, "ggH_sgn_M400_50.0": 2.1275, "ggA_sgn_M450_25.0": 2.03558, "ggA_sgn_M700_1.0": 1.91427, "ggA_sgn_M750_10.0": 1.89778, "ggH_sgn_M500_2.5": 2.02172, "ggA_sgn_M550_25.0": 1.96619, "ggH_sgn_M750_10.0": 1.92893, "ggH_sgn_M550_2.5": 1.99269, "ggH_sgn_M550_25.0": 1.99851, "ggA_sgn_M550_10.0": 1.96688, "ggH_sgn_M450_5.0": 2.06507, "ggA_sgn_M600_2.5": 1.94648, "ggA_sgn_M650_50.0": 1.92504, "ggH_sgn_M700_5.0": 1.94034, "ggA_sgn_M750_50.0": 1.89752, "ggH_sgn_M550_1.0": 1.98317, "ggA_sgn_M500_10.0": 1.9962, "ggA_sgn_M700_25.0": 1.91014, "ggH_sgn_M400_2.5": 2.12272, "ggA_sgn_M450_5.0": 2.03862, "ggH_sgn_M750_50.0": 1.92964, "ggA_sgn_M550_50.0": 1.96596, "ggH_sgn_M750_25.0": 1.92946, "ggH_sgn_M700_50.0": 1.94226, "ggH_sgn_M550_10.0": 1.99756, "ggH_sgn_M450_1.0": 2.05082, "ggA_sgn_M650_25.0": 1.92517, "ggH_sgn_M650_5.0": 1.95528, "ggH_sgn_M550_5.0": 1.99597, "ggA_sgn_M400_25.0": 2.10091, "ggH_sgn_M550_50.0": 1.99883, "ggA_sgn_M650_5.0": 1.92623, "ggH_sgn_M650_1.0": 1.94523, "ggA_sgn_M450_2.5": 2.0424, "ggH_sgn_M600_1.0": 1.9619, "ggH_sgn_M400_5.0": 2.12507, "ggA_sgn_M500_5.0": 1.9977, "ggH_sgn_M650_10.0": 1.95648, "ggA_sgn_M550_1.0": 1.97674, "ggH_sgn_M450_10.0": 2.06676, "ggA_sgn_M400_10.0": 2.10235, "ggA_sgn_M600_25.0": 1.9434, "ggH_sgn_M450_50.0": 2.06808, "ggH_sgn_M650_25.0": 1.95723, "ggA_sgn_M650_10.0": 1.92556, "ggH_sgn_M650_50.0": 1.95747, "ggA_sgn_M450_50.0": 2.03519, "ggA_sgn_M550_5.0": 1.96802, "ggA_sgn_M400_50.0": 2.10043, "ggA_sgn_M700_5.0": 1.91091, "ggH_sgn_M700_10.0": 1.94144, "ggH_sgn_M400_1.0": 2.1151, "ggA_sgn_M500_50.0": 1.995, "ggA_sgn_M500_1.0": 2.00903, "ggA_sgn_M750_1.0": 1.90042, "ggH_sgn_M450_25.0": 2.06775, "ggH_sgn_M700_25.0": 1.94205, "ggA_sgn_M700_50.0": 1.91005, "ggA_sgn_M600_5.0": 1.94478, "ggH_sgn_M500_5.0": 2.02519, "ggA_sgn_M450_1.0": 2.05351, "ggH_sgn_M500_10.0": 2.0269, "ggH_sgn_M650_2.5": 1.9519, "ggH_sgn_M750_2.5": 1.92619, "ggA_sgn_M500_25.0": 1.9953, "ggH_sgn_M750_5.0": 1.92802, "ggA_sgn_M400_1.0": 2.1232, "ggH_sgn_M600_50.0": 1.97588, "ggA_sgn_M700_2.5": 1.91183, "ggA_sgn_M600_1.0": 1.95129, "ggA_sgn_M550_2.5": 1.97027, "ggH_sgn_M600_10.0": 1.97475, "ggA_sgn_M650_1.0": 1.93099, "ggA_sgn_M500_2.5": 2.00065, "ggH_sgn_M600_5.0": 1.97335, "ggA_sgn_M600_50.0": 1.94323, "ggH_sgn_M500_1.0": 2.01194, "ggA_sgn_M750_5.0": 1.89812, "ggH_sgn_M500_25.0": 2.0279, "ggA_sgn_M450_10.0": 2.03672, "ggH_sgn_M400_10.0": 2.12646, "ggH_sgn_M600_25.0": 1.9756, "ggH_sgn_M700_1.0": 1.93183, "ggA_sgn_M750_2.5": 1.89878, "ggA_sgn_M650_2.5": 1.92782, "ggA_sgn_M750_25.0": 1.89758, "ggH_sgn_M700_2.5": 1.93828, "ggH_sgn_M450_2.5": 2.0617, "ggA_sgn_M600_10.0": 1.94392, "ggH_sgn_M500_50.0": 2.02825, "ggA_sgn_M400_5.0": 2.10475, "ggH_sgn_M750_1.0": 1.92065}