{"ggA_sgn_M700_10.0": 1.91042, "ggH_int_M750_25.0": 1.74225, "ggH_sgn_M400_25.0": 2.12723, "ggA_sgn_M400_2.5": 2.10929, "ggH_sgn_M600_2.5": 1.97077, "ggA_int_M750_50.0": 1.72777, "ggH_sgn_M400_50.0": 2.1275, "ggH_int_M550_2.5": 1.77056, "ggA_sgn_M450_25.0": 2.03558, "ggH_int_M600_10.0": 1.76258, "ggA_sgn_M700_1.0": 1.91427, "ggA_sgn_M750_10.0": 1.89778, "ggA_int_M700_50.0": 1.73346, "ggH_sgn_M500_2.5": 2.02172, "ggH_int_M600_50.0": 1.76308, "ggA_sgn_M550_25.0": 1.96619, "ggH_sgn_M750_10.0": 1.92893, "ggH_sgn_M550_2.5": 1.99269, "ggA_int_M600_10.0": 1.74876, "ggH_sgn_M550_25.0": 1.99851, "ggA_sgn_M550_10.0": 1.96688, "ggH_int_M600_1.0": 1.75683, "ggA_int_M700_10.0": 1.73363, "ggH_sgn_M450_5.0": 2.06507, "ggA_sgn_M600_2.5": 1.94648, "ggH_int_M550_50.0": 1.77329, "ggA_sgn_M650_50.0": 1.92504, "ggH_int_M650_10.0": 1.7544, "ggA_int_M400_50.0": 1.8178, "ggA_int_M550_1.0": 1.76346, "ggH_int_M650_25.0": 1.75474, "ggH_int_M700_5.0": 1.74715, "ggH_int_M500_1.0": 1.7791, "ggH_sgn_M700_5.0": 1.94034, "ggA_sgn_M750_50.0": 1.89752, "ggH_sgn_M550_1.0": 1.98317, "ggA_sgn_M500_10.0": 1.9962, "ggH_int_M450_5.0": 1.80243, "ggA_sgn_M700_25.0": 1.91014, "ggH_sgn_M400_2.5": 2.12272, "ggA_sgn_M450_5.0": 2.03862, "ggH_sgn_M750_50.0": 1.92964, "ggH_int_M600_2.5": 1.7608, "ggA_sgn_M550_50.0": 1.96596, "ggA_int_M550_50.0": 1.75865, "ggH_sgn_M750_25.0": 1.92946, "ggH_sgn_M700_50.0": 1.94226, "ggH_sgn_M550_10.0": 1.99756, "ggH_int_M500_50.0": 1.78629, "ggH_int_M550_10.0": 1.77273, "ggH_int_M750_5.0": 1.7416, "ggH_sgn_M450_1.0": 2.05082, "ggH_int_M500_25.0": 1.78614, "ggA_sgn_M650_25.0": 1.92517, "ggA_int_M750_5.0": 1.72804, "ggH_int_M600_25.0": 1.76296, "ggA_int_M750_2.5": 1.72834, "ggA_int_M500_50.0": 1.77159, "ggH_sgn_M650_5.0": 1.95528, "ggH_int_M500_5.0": 1.78495, "ggA_int_M450_1.0": 1.79738, "ggH_sgn_M550_5.0": 1.99597, "ggA_int_M400_2.5": 1.82163, "ggH_int_M650_50.0": 1.75485, "ggA_sgn_M400_25.0": 2.10091, "ggH_sgn_M550_50.0": 1.99883, "ggA_sgn_M650_5.0": 1.92623, "ggH_sgn_M650_1.0": 1.94523, "ggA_int_M400_1.0": 1.82763, "ggA_int_M650_5.0": 1.74079, "ggH_int_M750_1.0": 1.73827, "ggA_int_M450_2.5": 1.79251, "ggA_sgn_M450_2.5": 2.0424, "ggH_sgn_M600_1.0": 1.9619, "ggH_sgn_M400_5.0": 2.12507, "ggA_int_M550_25.0": 1.75875, "ggA_sgn_M500_5.0": 1.9977, "ggA_int_M650_10.0": 1.74049, "ggH_sgn_M650_10.0": 1.95648, "ggA_sgn_M550_1.0": 1.97674, "ggH_int_M750_50.0": 1.74233, "ggH_sgn_M450_10.0": 2.06676, "ggA_int_M550_5.0": 1.75957, "ggH_int_M750_2.5": 1.74077, "ggA_sgn_M400_10.0": 2.10235, "ggH_int_M700_50.0": 1.74802, "ggA_int_M750_10.0": 1.72789, "ggA_sgn_M600_25.0": 1.9434, "ggH_sgn_M450_50.0": 2.06808, "ggH_int_M650_1.0": 1.74935, "ggH_sgn_M650_25.0": 1.95723, "ggA_int_M500_5.0": 1.77279, "ggA_int_M750_25.0": 1.72779, "ggA_sgn_M650_10.0": 1.92556, "ggA_int_M700_1.0": 1.73538, "ggA_int_M450_50.0": 1.78935, "ggA_int_M400_5.0": 1.81967, "ggH_sgn_M650_50.0": 1.95747, "ggA_int_M650_50.0": 1.74025, "ggH_int_M750_10.0": 1.74201, "ggA_int_M600_25.0": 1.74853, "ggH_int_M400_50.0": 1.82948, "ggA_sgn_M450_50.0": 2.03519, "ggA_sgn_M550_5.0": 1.96802, "ggA_int_M700_5.0": 1.73385, "ggA_sgn_M400_50.0": 2.10043, "ggH_int_M700_10.0": 1.74765, "ggA_int_M450_5.0": 1.79085, "ggH_int_M650_2.5": 1.75235, "ggH_int_M700_25.0": 1.74792, "ggA_sgn_M700_5.0": 1.91091, "ggH_sgn_M700_10.0": 1.94144, "ggH_int_M450_10.0": 1.80317, "ggH_sgn_M400_1.0": 2.1151, "ggA_sgn_M500_50.0": 1.995, "ggA_sgn_M500_1.0": 2.00903, "ggA_int_M650_2.5": 1.74151, "ggA_int_M650_1.0": 1.74294, "ggA_sgn_M750_1.0": 1.90042, "ggH_sgn_M450_25.0": 2.06775, "ggH_sgn_M700_25.0": 1.94205, "ggA_sgn_M700_50.0": 1.91005, "ggA_int_M500_25.0": 1.77172, "ggA_int_M650_25.0": 1.74031, "ggA_int_M750_1.0": 1.72909, "ggA_sgn_M600_5.0": 1.94478, "ggA_int_M450_10.0": 1.79002, "ggH_sgn_M500_5.0": 2.02519, "ggA_sgn_M450_1.0": 2.05351, "ggH_int_M500_10.0": 1.7857, "ggH_sgn_M500_10.0": 2.0269, "ggA_int_M500_1.0": 1.77781, "ggH_sgn_M650_2.5": 1.9519, "ggH_sgn_M750_2.5": 1.92619, "ggA_int_M600_2.5": 1.74991, "ggA_sgn_M500_25.0": 1.9953, "ggH_sgn_M750_5.0": 1.92802, "ggA_int_M400_25.0": 1.81801, "ggH_int_M400_5.0": 1.82843, "ggA_sgn_M400_1.0": 2.1232, "ggH_int_M650_5.0": 1.75387, "ggH_sgn_M600_50.0": 1.97588, "ggA_sgn_M700_2.5": 1.91183, "ggA_int_M450_25.0": 1.78952, "ggA_int_M500_10.0": 1.77212, "ggA_sgn_M600_1.0": 1.95129, "ggA_int_M600_5.0": 1.74915, "ggA_int_M700_25.0": 1.7335, "ggA_int_M400_10.0": 1.81863, "ggH_int_M400_25.0": 1.82936, "ggA_sgn_M550_2.5": 1.97027, "ggH_sgn_M600_10.0": 1.97475, "ggH_int_M450_50.0": 1.80375, "ggA_sgn_M650_1.0": 1.93099, "ggA_sgn_M500_2.5": 2.00065, "ggH_sgn_M600_5.0": 1.97335, "ggH_int_M450_1.0": 1.7962, "ggA_sgn_M600_50.0": 1.94323, "ggA_int_M550_2.5": 1.76058, "ggH_sgn_M500_1.0": 2.01194, "ggA_sgn_M750_5.0": 1.89812, "ggH_sgn_M500_25.0": 2.0279, "ggA_sgn_M450_10.0": 2.03672, "ggH_int_M700_1.0": 1.74332, "ggH_int_M400_1.0": 1.82414, "ggH_sgn_M400_10.0": 2.12646, "ggH_int_M500_2.5": 1.78342, "ggH_sgn_M600_25.0": 1.9756, "ggH_int_M400_2.5": 1.82742, "ggH_sgn_M700_1.0": 1.93183, "ggA_sgn_M750_2.5": 1.89878, "ggA_int_M600_1.0": 1.75208, "ggA_sgn_M650_2.5": 1.92782, "ggH_int_M450_2.5": 1.80096, "ggH_int_M550_25.0": 1.77315, "ggH_int_M550_1.0": 1.76633, "ggA_sgn_M750_25.0": 1.89758, "ggH_sgn_M700_2.5": 1.93828, "ggH_int_M550_5.0": 1.77202, "ggH_int_M400_10.0": 1.82903, "ggH_sgn_M450_2.5": 2.0617, "ggA_sgn_M600_10.0": 1.94392, "ggA_int_M600_50.0": 1.74845, "ggH_int_M450_25.0": 1.8036, "ggA_int_M700_2.5": 1.73427, "ggA_int_M550_10.0": 1.75906, "ggH_int_M700_2.5": 1.74623, "ggH_int_M600_5.0": 1.76195, "ggA_int_M500_2.5": 1.7741, "ggH_sgn_M500_50.0": 2.02825, "ggA_sgn_M400_5.0": 2.10475, "ggH_sgn_M750_1.0": 1.92065}