{"0.1643488305": {"exp0": 0.147058823529}, "0.164369069": {"exp0": 0.144927536232}, "0.16452382325": {"exp0": 0.142857142857}, "0.16480754025": {"exp0": 0.140845070423}, "0.165276874": {"exp0": 0.138888888889}, "0.16580336025": {"exp0": 0.13698630137}, "0.16644432675": {"exp0": 0.135135135135}, "0.167257401": {"exp0": 0.133333333333}, "0.16811501175": {"exp0": 0.131578947368}, "0.169137138": {"exp0": 0.12987012987}, "0.1701966945": {"exp0": 0.128205128205}, "0.17141411125": {"exp0": 0.126582278481}, "0.17266271725": {"exp0": 0.125}, "0.17400150325": {"exp0": 0.123456790123}, "0.17548963325": {"exp0": 0.121951219512}, "0.177062777": {"exp0": 0.120481927711}, "0.1786567525": {"exp0": 0.119047619048}, "0.18039299575": {"exp0": 0.117647058824}, "0.18214576325": {"exp0": 0.116279069767}, "0.18403673975": {"exp0": 0.114942528736}, "0.1859404105": {"exp0": 0.113636363636}, "0.1879786775": {"exp0": 0.112359550562}, "0.190088054": {"exp0": 0.111111111111}, "0.19220514425": {"exp0": 0.10989010989}, "0.194452123": {"exp0": 0.108695652174}, "0.196765758": {"exp0": 0.10752688172}, "0.19908289075000002": {"exp0": 0.106382978723}, "0.2015259205": {"exp0": 0.105263157895}, "0.20403182374999998": {"exp0": 0.104166666667}, "0.206537637": {"exp0": 0.103092783505}, "0.209165945": {"exp0": 0.102040816327}, "0.21185389625": {"exp0": 0.10101010101}, "0.21460052025": {"exp0": 0.1}, "0.217343063": {"exp0": 0.0990099009901}, "0.22020430825": {"exp0": 0.0980392156863}, "0.22312159000000004": {"exp0": 0.0970873786408}, "0.22609411250000003": {"exp0": 0.0961538461538}, "0.229059287": {"exp0": 0.0952380952381}, "0.2321400535": {"exp0": 0.0943396226415}, "0.23527389249999997": {"exp0": 0.0934579439252}, "0.23846014699999998": {"exp0": 0.0925925925926}, "0.24163635799999997": {"exp0": 0.0917431192661}, "0.244925591": {"exp0": 0.0909090909091}, "0.24826544224999997": {"exp0": 0.0900900900901}, "0.251655365": {"exp0": 0.0892857142857}, "0.25509484": {"exp0": 0.0884955752212}, "0.25852153": {"exp0": 0.0877192982456}, "0.2620586275": {"exp0": 0.0869565217391}, "0.2656438375": {"exp0": 0.0862068965517}, "0.2692767275": {"exp0": 0.0854700854701}, "0.272956875": {"exp0": 0.0847457627119}, "0.27668388": {"exp0": 0.0840336134454}, "0.28039552": {"exp0": 0.0833333333333}, "0.2842150975": {"exp0": 0.0826446280992}, "0.2880804225": {"exp0": 0.0819672131148}, "0.291991155": {"exp0": 0.0813008130081}, "0.29594697": {"exp0": 0.0806451612903}, "0.2999475525": {"exp0": 0.08}, "0.303992605": {"exp0": 0.0793650793651}, "0.30802": {"exp0": 0.0787401574803}, "0.31215313": {"exp0": 0.078125}, "0.3163298925": {"exp0": 0.077519379845}, "0.3205500325": {"exp0": 0.0769230769231}, "0.3248133025": {"exp0": 0.0763358778626}, "0.329119465": {"exp0": 0.0757575757576}, "0.33346829": {"exp0": 0.0751879699248}, "0.3378595575": {"exp0": 0.0746268656716}, "0.34223122": {"exp0": 0.0740740740741}, "0.346706745": {"exp0": 0.0735294117647}, "0.3512240975": {"exp0": 0.0729927007299}, "0.3557830925": {"exp0": 0.0724637681159}, "0.36038354": {"exp0": 0.0719424460432}, "0.3650252675": {"exp0": 0.0714285714286}, "0.369708105": {"exp0": 0.0709219858156}, "0.3744318875": {"exp0": 0.0704225352113}, "0.3791964575": {"exp0": 0.0699300699301}, "0.38400166": {"exp0": 0.0694444444444}, "0.38878551": {"exp0": 0.0689655172414}, "0.39367154": {"exp0": 0.0684931506849}, "0.39859777499999993": {"exp0": 0.0680272108844}, "0.40356408000000005": {"exp0": 0.0675675675676}, "0.408570325": {"exp0": 0.0671140939597}, "0.41361639": {"exp0": 0.0666666666667}, "0.4187021525": {"exp0": 0.0662251655629}, "0.42382749250000007": {"exp0": 0.0657894736842}, "0.4289923025": {"exp0": 0.0653594771242}, "0.43419647249999993": {"exp0": 0.0649350649351}, "0.4394398925": {"exp0": 0.0645161290323}, "0.44472246500000007": {"exp0": 0.0641025641026}, "0.45004409000000006": {"exp0": 0.0636942675159}, "0.45534283500000006": {"exp0": 0.0632911392405}, "0.46074227749999996": {"exp0": 0.062893081761}, "0.466180495": {"exp0": 0.0625}, "0.4716573975": {"exp0": 0.0621118012422}, "0.4771729025": {"exp0": 0.0617283950617}, "0.48272692750000007": {"exp0": 0.0613496932515}, "0.48831939": {"exp0": 0.0609756097561}, "0.49395022": {"exp0": 0.0606060606061}, "0.499619335": {"exp0": 0.0602409638554}, "0.5053266675": {"exp0": 0.059880239521}, "0.511072145": {"exp0": 0.0595238095238}, "0.5168557025": {"exp0": 0.0591715976331}, "0.5226772675": {"exp0": 0.0588235294118}, "0.5285367825": {"exp0": 0.0584795321637}, "0.5344341825": {"exp0": 0.0581395348837}, "0.5403694025": {"exp0": 0.0578034682081}, "0.54634239": {"exp0": 0.0574712643678}, "0.55229125": {"exp0": 0.0571428571429}, "0.5583395975": {"exp0": 0.0568181818182}, "0.5644255425": {"exp0": 0.0564971751412}, "0.5705490325": {"exp0": 0.0561797752809}, "0.57671002": {"exp0": 0.0558659217877}, "0.58290845": {"exp0": 0.0555555555556}, "0.589144275": {"exp0": 0.0552486187845}, "0.5954174525": {"exp0": 0.0549450549451}, "0.6017279325": {"exp0": 0.0546448087432}, "0.6080756725": {"exp0": 0.054347826087}, "0.6144606275": {"exp0": 0.0540540540541}, "0.6208827575": {"exp0": 0.0537634408602}, "0.6273420225": {"exp0": 0.0534759358289}, "0.6338383775": {"exp0": 0.0531914893617}, "0.64037179": {"exp0": 0.0529100529101}, "0.6469422175": {"exp0": 0.0526315789474}, "0.653549625": {"exp0": 0.0523560209424}, "0.660193975": {"exp0": 0.0520833333333}, "0.666875235": {"exp0": 0.0518134715026}, "0.6735933725": {"exp0": 0.0515463917526}, "0.68034835": {"exp0": 0.0512820512821}, "0.687140135": {"exp0": 0.0510204081633}, "0.6939687": {"exp0": 0.0507614213198}, "0.700772175": {"exp0": 0.0505050505051}, "0.707674205": {"exp0": 0.0502512562814}, "0.7146129225": {"exp0": 0.05}, "0.7215883": {"exp0": 0.0497512437811}, "0.7286003075": {"exp0": 0.049504950495}, "0.7356489225": {"exp0": 0.0492610837438}, "0.7427341125": {"exp0": 0.0490196078431}, "0.7498558575": {"exp0": 0.0487804878049}, "0.75701413": {"exp0": 0.0485436893204}, "0.764208905": {"exp0": 0.048309178744}, "0.77144016": {"exp0": 0.0480769230769}, "0.77870787": {"exp0": 0.0478468899522}, "0.78601201": {"exp0": 0.047619047619}, "0.7933525650000001": {"exp0": 0.0473933649289}, "0.800729505": {"exp0": 0.0471698113208}, "0.8081428125": {"exp0": 0.0469483568075}, "0.8155924700000001": {"exp0": 0.0467289719626}, "0.8230784499999999": {"exp0": 0.046511627907}, "0.8306007375000001": {"exp0": 0.0462962962963}, "0.838159315": {"exp0": 0.0460829493088}, "0.8457541574999999": {"exp0": 0.045871559633}, "0.85338525": {"exp0": 0.0456621004566}, "0.861052575": {"exp0": 0.0454545454545}, "0.868756115": {"exp0": 0.0452488687783}, "0.87649585": {"exp0": 0.045045045045}, "0.884271765": {"exp0": 0.0448430493274}, "0.8920838450000002": {"exp0": 0.0446428571429}, "0.8999320700000001": {"exp0": 0.0444444444444}, "0.9078164275": {"exp0": 0.0442477876106}, "0.9157369024999998": {"exp0": 0.0440528634361}, "0.9236934775000001": {"exp0": 0.0438596491228}, "0.9316861374999998": {"exp0": 0.0436681222707}, "0.93971487": {"exp0": 0.0434782608696}, "0.9477796599999999": {"exp0": 0.04329004329}, "0.9558804950000002": {"exp0": 0.0431034482759}, "0.9640173600000002": {"exp0": 0.0429184549356}, "0.97219024": {"exp0": 0.042735042735}, "0.9803372875": {"exp0": 0.0425531914894}, "0.988582165": {"exp0": 0.0423728813559}, "0.99686302": {"exp0": 0.042194092827}, "1.0051798425": {"exp0": 0.0420168067227}, "1.01353262": {"exp0": 0.0418410041841}, "1.02192134": {"exp0": 0.0416666666667}, "1.0303459925": {"exp0": 0.0414937759336}, "1.038806565": {"exp0": 0.0413223140496}, "1.0473030475": {"exp0": 0.0411522633745}, "1.05583543": {"exp0": 0.0409836065574}, "1.0644037": {"exp0": 0.0408163265306}, "1.0730078475": {"exp0": 0.0406504065041}, "1.081647865": {"exp0": 0.0404858299595}, "1.0903237375": {"exp0": 0.0403225806452}, "1.09903546": {"exp0": 0.0401606425703}, "1.1077830225": {"exp0": 0.04}, "1.116566415": {"exp0": 0.0398406374502}, "1.125385625": {"exp0": 0.0396825396825}, "1.13424065": {"exp0": 0.0395256916996},