{"0.1746237251111111": {"exp0": 0.144927536232}, "0.17493716155555555": {"exp0": 0.147058823529}, "0.17549523311111112": {"exp0": 0.149253731343}, "0.1761276411111111": {"exp0": 0.151515151515}, "0.1770200528888889": {"exp0": 0.153846153846}, "0.17800337288888887": {"exp0": 0.15625}, "0.17926458133333334": {"exp0": 0.15873015873}, "0.18072487288888886": {"exp0": 0.161290322581}, "0.1823062748888889": {"exp0": 0.16393442623}, "0.18419826222222221": {"exp0": 0.166666666667}, "0.18632478155555554": {"exp0": 0.169491525424}, "0.18861089444444445": {"exp0": 0.172413793103}, "0.19124942244444443": {"exp0": 0.175438596491}, "0.19416801955555557": {"exp0": 0.178571428571}, "0.19738469711111112": {"exp0": 0.181818181818}, "0.2009191495555556": {"exp0": 0.185185185185}, "0.20479294644444443": {"exp0": 0.188679245283}, "0.2090297511111111": {"exp0": 0.192307692308}, "0.21365556977777778": {"exp0": 0.196078431373}, "0.2186990342222222": {"exp0": 0.2}, "0.22419172888888889": {"exp0": 0.204081632653}, "0.23016855999999997": {"exp0": 0.208333333333}, "0.23675701999999998": {"exp0": 0.212765957447}, "0.24382234888888887": {"exp0": 0.217391304348}, "0.25158994222222225": {"exp0": 0.222222222222}, "0.2599353466666667": {"exp0": 0.227272727273}, "0.2690956911111111": {"exp0": 0.232558139535}, "0.2790487777777778": {"exp0": 0.238095238095}, "0.28986946888888887": {"exp0": 0.243902439024}, "0.30164209111111107": {"exp0": 0.25}, "0.31446192222222225": {"exp0": 0.25641025641}, "0.3284369422222222": {"exp0": 0.263157894737}, "0.3437787311111111": {"exp0": 0.27027027027}, "0.3605385177777778": {"exp0": 0.277777777778}, "0.37878782888888884": {"exp0": 0.285714285714}, "0.3989773577777778": {"exp0": 0.294117647059}, "0.4210532622222222": {"exp0": 0.30303030303}, "0.44535068": {"exp0": 0.3125}, "0.4722450933333333": {"exp0": 0.322580645161}, "0.5020717422222222": {"exp0": 0.333333333333}, "0.5350470622222222": {"exp0": 0.344827586207}, "0.5718142688888889": {"exp0": 0.357142857143}, "0.6129267799999999": {"exp0": 0.37037037037}, "0.6588688911111111": {"exp0": 0.384615384615}, "0.710703771111111": {"exp0": 0.4}, "0.7692200977777778": {"exp0": 0.416666666667}, "0.8355986377777779": {"exp0": 0.434782608696}, "0.9114719977777778": {"exp0": 0.454545454545}, "0.9984722733333334": {"exp0": 0.47619047619}, "1.0989612866666667": {"exp0": 0.5}, "1.215825662222222": {"exp0": 0.526315789474}, "1.3527755955555556": {"exp0": 0.555555555556}, "1.5146437911111112": {"exp0": 0.588235294118}, "1.7079077866666668": {"exp0": 0.625}, "1.9409776222222224": {"exp0": 0.666666666667}, "2.225879911111111": {"exp0": 0.714285714286}, "2.578889488888889": {"exp0": 0.769230769231}, "3.023678088888889": {"exp0": 0.833333333333}, "3.5950174888888893": {"exp0": 0.909090909091}, "4.345988311111111": {"exp0": 1.0}, "5.360586644444444": {"exp0": 1.11111111111}, "6.778606955555555": {"exp0": 1.25}, "8.846315488888889": {"exp0": 1.42857142857}, "12.031567844444444": {"exp0": 1.66666666667}, "17.313725777777776": {"exp0": 2.0}, "27.03094311111111": {"exp0": 2.5}, "47.96954866666667": {"exp0": 3.33333333333}}