{"0.17840889159999998": {"exp0": 0.138888888889}, "0.17846480899999997": {"exp0": 0.13698630137}, "0.1785326932": {"exp0": 0.135135135135}, "0.178846221": {"exp0": 0.133333333333}, "0.1792811604": {"exp0": 0.131578947368}, "0.179833005": {"exp0": 0.12987012987}, "0.1803781186": {"exp0": 0.128205128205}, "0.18115138079999998": {"exp0": 0.126582278481}, "0.1820296668": {"exp0": 0.125}, "0.1830094954": {"exp0": 0.123456790123}, "0.18408759679999998": {"exp0": 0.121951219512}, "0.1851414792": {"exp0": 0.120481927711}, "0.1864070858": {"exp0": 0.119047619048}, "0.1877622756": {"exp0": 0.117647058824}, "0.1892044832": {"exp0": 0.116279069767}, "0.19073128939999998": {"exp0": 0.114942528736}, "0.1923404114": {"exp0": 0.113636363636}, "0.19391027560000001": {"exp0": 0.112359550562}, "0.195677684": {"exp0": 0.111111111111}, "0.19752129300000001": {"exp0": 0.10989010989}, "0.199439282": {"exp0": 0.108695652174}, "0.201429928": {"exp0": 0.10752688172}, "0.203491598": {"exp0": 0.106382978723}, "0.20562274600000002": {"exp0": 0.105263157895}, "0.207821904": {"exp0": 0.104166666667}, "0.20996826400000004": {"exp0": 0.103092783505}, "0.21229934199999997": {"exp0": 0.102040816327}, "0.214694466": {"exp0": 0.10101010101}, "0.21715244399999997": {"exp0": 0.1}, "0.21967214000000002": {"exp0": 0.0990099009901}, "0.22225247999999997": {"exp0": 0.0980392156863}, "0.22489243399999997": {"exp0": 0.0970873786408}, "0.227591028": {"exp0": 0.0961538461538}, "0.23034733": {"exp0": 0.0952380952381}, "0.23316045600000002": {"exp0": 0.0943396226415}, "0.236029556": {"exp0": 0.0934579439252}, "0.238834406": {"exp0": 0.0925925925926}, "0.24181307800000001": {"exp0": 0.0917431192661}, "0.24484541399999998": {"exp0": 0.0909090909091}, "0.247930712": {"exp0": 0.0900900900901}, "0.251068304": {"exp0": 0.0892857142857}, "0.254257546": {"exp0": 0.0884955752212}, "0.25749782600000004": {"exp0": 0.0877192982456}, "0.260788558": {"exp0": 0.0869565217391}, "0.264129178": {"exp0": 0.0862068965517}, "0.267519152": {"exp0": 0.0854700854701}, "0.270957962": {"exp0": 0.0847457627119}, "0.274445116": {"exp0": 0.0840336134454}, "0.27798014000000004": {"exp0": 0.0833333333333}, "0.281562582": {"exp0": 0.0826446280992}, "0.28507258399999996": {"exp0": 0.0819672131148}, "0.28874857200000004": {"exp0": 0.0813008130081}, "0.29247072599999996": {"exp0": 0.0806451612903}, "0.296238658": {"exp0": 0.08}, "0.30005200200000004": {"exp0": 0.0793650793651}, "0.30391039999999997": {"exp0": 0.0787401574803}, "0.307813514": {"exp0": 0.078125}, "0.311761014": {"exp0": 0.077519379845}, "0.315752584": {"exp0": 0.0769230769231}, "0.319787922": {"exp0": 0.0763358778626}, "0.323866736": {"exp0": 0.0757575757576}, "0.327988744": {"exp0": 0.0751879699248}, "0.332153676": {"exp0": 0.0746268656716}, "0.33636127": {"exp0": 0.0740740740741}, "0.340611278": {"exp0": 0.0735294117647}, "0.344903458": {"exp0": 0.0729927007299}, "0.349237572": {"exp0": 0.0724637681159}, "0.353613402": {"exp0": 0.0719424460432}, "0.35803072399999997": {"exp0": 0.0714285714286}, "0.362489336": {"exp0": 0.0709219858156}, "0.36698903": {"exp0": 0.0704225352113}, "0.371529614": {"exp0": 0.0699300699301}, "0.376110902": {"exp0": 0.0694444444444}, "0.380613284": {"exp0": 0.0689655172414}, "0.385275436": {"exp0": 0.0684931506849}, "0.389977764": {"exp0": 0.0680272108844}, "0.394720102": {"exp0": 0.0675675675676}, "0.39950229400000004": {"exp0": 0.0671140939597}, "0.40432418600000003": {"exp0": 0.0666666666667}, "0.409185632": {"exp0": 0.0662251655629}, "0.4140864859999999": {"exp0": 0.0657894736842}, "0.419026612": {"exp0": 0.0653594771242}, "0.424005874": {"exp0": 0.0649350649351}, "0.429024144": {"exp0": 0.0645161290323}, "0.434081294": {"exp0": 0.0641025641026}, "0.439177206": {"exp0": 0.0636942675159}, "0.44431176": {"exp0": 0.0632911392405}, "0.449484842": {"exp0": 0.062893081761}, "0.45469634400000003": {"exp0": 0.0625}, "0.45994615400000005": {"exp0": 0.0621118012422}, "0.46523417399999994": {"exp0": 0.0617283950617}, "0.4705603": {"exp0": 0.0613496932515}, "0.47592443400000006": {"exp0": 0.0609756097561}, "0.48132648400000005": {"exp0": 0.0606060606061}, "0.486766356": {"exp0": 0.0602409638554}, "0.492243962": {"exp0": 0.059880239521}, "0.49775921600000006": {"exp0": 0.0595238095238}, "0.503312034": {"exp0": 0.0591715976331}, "0.5089023359999999": {"exp0": 0.0588235294118}, "0.5145300380000001": {"exp0": 0.0584795321637}, "0.52019507": {"exp0": 0.0581395348837}, "0.525897352": {"exp0": 0.0578034682081}, "0.5316368159999999": {"exp0": 0.0574712643678}, "0.5374133879999999": {"exp0": 0.0571428571429}, "0.543227002": {"exp0": 0.0568181818182}, "0.54907759": {"exp0": 0.0564971751412}, "0.5549650899999999": {"exp0": 0.0561797752809}, "0.560889438": {"exp0": 0.0558659217877}, "0.566850572": {"exp0": 0.0555555555556}, "0.572848434": {"exp0": 0.0552486187845}, "0.578882966": {"exp0": 0.0549450549451}, "0.58495411": {"exp0": 0.0546448087432}, "0.5910618160000001": {"exp0": 0.054347826087}, "0.5972060260000001": {"exp0": 0.0540540540541}, "0.6033866920000001": {"exp0": 0.0537634408602}, "0.609484336": {"exp0": 0.0534759358289}, "0.6157377620000001": {"exp0": 0.0531914893617}, "0.622027494": {"exp0": 0.0529100529101}, "0.628353486": {"exp0": 0.0526315789474}, "0.634715696": {"exp0": 0.0523560209424}, "0.641114076": {"exp0": 0.0520833333333}, "0.647548586": {"exp0": 0.0518134715026}, "0.654019184": {"exp0": 0.0515463917526}, "0.660525826": {"exp0": 0.0512820512821}, "0.667068476": {"exp0": 0.0510204081633}, "0.6736470960000001": {"exp0": 0.0507614213198}, "0.680261644": {"exp0": 0.0505050505051}, "0.686912086": {"exp0": 0.0502512562814}, "0.693598386": {"exp0": 0.05}, "0.700320508": {"exp0": 0.0497512437811}, "0.707078418": {"exp0": 0.049504950495}, "0.713872084": {"exp0": 0.0492610837438}, "0.720701474": {"exp0": 0.0490196078431}, "0.727566554": {"exp0": 0.0487804878049}, "0.7344672959999999": {"exp0": 0.0485436893204}, "0.741403666": {"exp0": 0.048309178744}, "0.748375638": {"exp0": 0.0480769230769}, "0.755383182": {"exp0": 0.0478468899522}, "0.7624262700000001": {"exp0": 0.047619047619}, "0.769504874": {"exp0": 0.0473933649289}, "0.77661897": {"exp0": 0.0471698113208}, "0.783768528": {"exp0": 0.0469483568075}, "0.790953524": {"exp0": 0.0467289719626}, "0.798173934": {"exp0": 0.046511627907}, "0.8054297340000001": {"exp0": 0.0462962962963}, "0.812720898": {"exp0": 0.0460829493088}, "0.8200474059999999": {"exp0": 0.045871559633}, "0.8274092319999999": {"exp0": 0.0456621004566}, "0.834806354": {"exp0": 0.0454545454545}, "0.8422387540000001": {"exp0": 0.0452488687783}, "0.849706406": {"exp0": 0.045045045045}, "0.857209292": {"exp0": 0.0448430493274}, "0.864747392": {"exp0": 0.0446428571429}, "0.8723206859999999": {"exp0": 0.0444444444444}, "0.879929154": {"exp0": 0.0442477876106}, "0.8875727760000001": {"exp0": 0.0440528634361}, "0.895251536": {"exp0": 0.0438596491228}, "0.902965414": {"exp0": 0.0436681222707}, "0.910714394": {"exp0": 0.0434782608696}, "0.918498456": {"exp0": 0.04329004329}, "0.9263175840000001": {"exp0": 0.0431034482759}, "0.934171764": {"exp0": 0.0429184549356}, "0.942060976": {"exp0": 0.042735042735}, "0.9499852060000001": {"exp0": 0.0425531914894}, "0.957944438": {"exp0": 0.0423728813559}, "0.9659386560000001": {"exp0": 0.042194092827}, "0.973967846": {"exp0": 0.0420168067227}, "0.9820319939999999": {"exp0": 0.0418410041841}, "0.990131086": {"exp0": 0.0416666666667}, "0.9982651060000001": {"exp0": 0.0414937759336}, "1.006434042": {"exp0": 0.0413223140496}, "1.014637878": {"exp0": 0.0411522633745}, "1.022876604": {"exp0": 0.0409836065574}, "1.031150206": {"exp0": 0.0408163265306}, "1.03945867": {"exp0": 0.0406504065041}, "1.047801984": {"exp0": 0.0404858299595}, "1.0561801380000002": {"exp0": 0.0403225806452}, "1.0645931180000001": {"exp0": 0.0401606425703}, "1.0730409140000001": {"exp0": 0.04}, "1.081523512": {"exp0": 0.0398406374502}, "1.090040902": {"exp0": 0.0396825396825}, "1.098593074": {"exp0": 0.0395256916996},