{"0.18084608833333335": {"exp0": 0.138888888889}, "0.1811311866666667": {"exp0": 0.140845070423}, "0.18156428666666666": {"exp0": 0.142857142857}, "0.18215209166666668": {"exp0": 0.144927536232}, "0.18290179833333334": {"exp0": 0.147058823529}, "0.18382115": {"exp0": 0.149253731343}, "0.1849184766666667": {"exp0": 0.151515151515}, "0.18639357999999998": {"exp0": 0.153846153846}, "0.18787449333333334": {"exp0": 0.15625}, "0.1895625": {"exp0": 0.15873015873}, "0.19146890833333333": {"exp0": 0.161290322581}, "0.19360596166666666": {"exp0": 0.16393442623}, "0.19598693166666667": {"exp0": 0.166666666667}, "0.198817045": {"exp0": 0.169491525424}, "0.2017303166666667": {"exp0": 0.172413793103}, "0.20493461000000002": {"exp0": 0.175438596491}, "0.20844850666666667": {"exp0": 0.178571428571}, "0.21248311000000003": {"exp0": 0.181818181818}, "0.21667895666666667": {"exp0": 0.185185185185}, "0.22125115499999998": {"exp0": 0.188679245283}, "0.226226355": {"exp0": 0.192307692308}, "0.23182466333333332": {"exp0": 0.196078431373}, "0.23769668333333335": {"exp0": 0.2}, "0.24406880000000003": {"exp0": 0.204081632653}, "0.25117114166666665": {"exp0": 0.208333333333}, "0.2586656116666667": {"exp0": 0.212765957447}, "0.2669821583333334": {"exp0": 0.217391304348}, "0.2757929": {"exp0": 0.222222222222}, "0.28553938833333337": {"exp0": 0.227272727273}, "0.295906965": {"exp0": 0.232558139535}, "0.3073522966666667": {"exp0": 0.238095238095}, "0.31957805666666667": {"exp0": 0.243902439024}, "0.33306083166666667": {"exp0": 0.25}, "0.3475263": {"exp0": 0.25641025641}, "0.363477675": {"exp0": 0.263157894737}, "0.38086239666666666": {"exp0": 0.27027027027}, "0.3998381766666667": {"exp0": 0.277777777778}, "0.420585575": {"exp0": 0.285714285714}, "0.4433120916666667": {"exp0": 0.294117647059}, "0.46825713500000005": {"exp0": 0.30303030303}, "0.4956980933333333": {"exp0": 0.3125}, "0.5259578133333334": {"exp0": 0.322580645161}, "0.5594138233333333": {"exp0": 0.333333333333}, "0.596509855": {"exp0": 0.344827586207}, "0.6379610516666667": {"exp0": 0.357142857143}, "0.6841998499999999": {"exp0": 0.37037037037}, "0.735780815": {"exp0": 0.384615384615}, "0.7939828516666667": {"exp0": 0.4}, "0.859703285": {"exp0": 0.416666666667}, "0.9344625766666667": {"exp0": 0.434782608696}, "1.0195178133333334": {"exp0": 0.454545454545}, "1.1172883933333333": {"exp0": 0.47619047619}, "1.2301433316666668": {"exp0": 0.5}, "1.36133336": {"exp0": 0.526315789474}, "1.5152273950000001": {"exp0": 0.555555555556}, "1.69707695": {"exp0": 0.588235294118}, "1.9142674499999999": {"exp0": 0.625}, "2.1762786833333334": {"exp0": 0.666666666667}, "2.496354633333333": {"exp0": 0.714285714286}, "2.8932132999999998": {"exp0": 0.769230769231}, "3.393412233333333": {"exp0": 0.833333333333}, "4.035918233333334": {"exp0": 0.909090909091}, "4.8805978": {"exp0": 1.0}, "6.022231866666666": {"exp0": 1.11111111111}, "7.6178567500000005": {"exp0": 1.25}, "9.9447908": {"exp0": 1.42857142857}, "13.5297734": {"exp0": 1.66666666667}, "19.474959833333337": {"exp0": 2.0}, "30.419366166666666": {"exp0": 2.5}}