{"0.18026432857142857": {"exp0": 0.138888888889}, "0.18064755999999998": {"exp0": 0.140845070423}, "0.18145579857142857": {"exp0": 0.142857142857}, "0.18214450142857141": {"exp0": 0.144927536232}, "0.18299667857142857": {"exp0": 0.147058823529}, "0.18402020714285713": {"exp0": 0.149253731343}, "0.1852235642857143": {"exp0": 0.151515151515}, "0.18661588857142858": {"exp0": 0.153846153846}, "0.18820703285714285": {"exp0": 0.15625}, "0.19000764285714286": {"exp0": 0.15873015873}, "0.19202922714285714": {"exp0": 0.161290322581}, "0.19428424428571428": {"exp0": 0.16393442623}, "0.19678620428571428": {"exp0": 0.166666666667}, "0.19982544285714285": {"exp0": 0.169491525424}, "0.20286654142857144": {"exp0": 0.172413793103}, "0.20620252285714286": {"exp0": 0.175438596491}, "0.20985229714285714": {"exp0": 0.178571428571}, "0.21383650571428575": {"exp0": 0.181818181818}, "0.21817772": {"exp0": 0.185185185185}, "0.22290066285714288": {"exp0": 0.188679245283}, "0.22803245285714285": {"exp0": 0.192307692308}, "0.2338785728571429": {"exp0": 0.196078431373}, "0.23992048571428573": {"exp0": 0.2}, "0.24647006428571427": {"exp0": 0.204081632653}, "0.25356731714285713": {"exp0": 0.208333333333}, "0.2612565528571429": {"exp0": 0.212765957447}, "0.26986261857142857": {"exp0": 0.217391304348}, "0.2788888685714286": {"exp0": 0.222222222222}, "0.2886719642857143": {"exp0": 0.227272727273}, "0.2992800628571428": {"exp0": 0.232558139535}, "0.31106520285714284": {"exp0": 0.238095238095}, "0.32356183714285713": {"exp0": 0.243902439024}, "0.3371422885714286": {"exp0": 0.25}, "0.3521914228571429": {"exp0": 0.25641025641}, "0.36828166": {"exp0": 0.263157894737}, "0.3858293642857143": {"exp0": 0.27027027027}, "0.4052707157142857": {"exp0": 0.277777777778}, "0.42623814285714284": {"exp0": 0.285714285714}, "0.44949415571428575": {"exp0": 0.294117647059}, "0.4747310828571429": {"exp0": 0.30303030303}, "0.5027825571428571": {"exp0": 0.3125}, "0.5337014857142857": {"exp0": 0.322580645161}, "0.5675964428571428": {"exp0": 0.333333333333}, "0.60547034": {"exp0": 0.344827586207}, "0.6475811771428572": {"exp0": 0.357142857143}, "0.6945632385714287": {"exp0": 0.37037037037}, "0.7468994442857142": {"exp0": 0.384615384615}, "0.8063299871428571": {"exp0": 0.4}, "0.8731353414285714": {"exp0": 0.416666666667}, "0.9489444300000001": {"exp0": 0.434782608696}, "1.0354249457142857": {"exp0": 0.454545454545}, "1.1349265285714287": {"exp0": 0.47619047619}, "1.24950311": {"exp0": 0.5}, "1.38301433": {"exp0": 0.526315789474}, "1.5394368428571428": {"exp0": 0.555555555556}, "1.7243094571428572": {"exp0": 0.588235294118}, "1.9452300714285715": {"exp0": 0.625}, "2.211489571428572": {"exp0": 0.666666666667}, "2.537118": {"exp0": 0.714285714286}, "2.940695714285714": {"exp0": 0.769230769231}, "3.4495269285714287": {"exp0": 0.833333333333}, "4.1031881142857145": {"exp0": 0.909090909091}, "4.962689142857143": {"exp0": 1.0}, "6.124022571428571": {"exp0": 1.11111111111}, "7.747479728571428": {"exp0": 1.25}, "10.115103914285713": {"exp0": 1.42857142857}, "13.762946685714287": {"exp0": 1.66666666667}, "19.812212714285714": {"exp0": 2.0}, "30.948605571428573": {"exp0": 2.5}}