{"0.17943736666666668": {"exp0": 0.133333333333}, "0.17956186133333332": {"exp0": 0.131578947368}, "0.179807792": {"exp0": 0.12987012987}, "0.18017060933333334": {"exp0": 0.128205128205}, "0.18064605333333333": {"exp0": 0.126582278481}, "0.18090702666666666": {"exp0": 0.125}, "0.18159597866666669": {"exp0": 0.123456790123}, "0.18238628533333334": {"exp0": 0.121951219512}, "0.18327463200000002": {"exp0": 0.120481927711}, "0.184257904": {"exp0": 0.119047619048}, "0.18533316266666666": {"exp0": 0.117647058824}, "0.18649764666666666": {"exp0": 0.116279069767}, "0.18774874666666666": {"exp0": 0.114942528736}, "0.18908400399999997": {"exp0": 0.113636363636}, "0.19050109466666668": {"exp0": 0.112359550562}, "0.19199782533333334": {"exp0": 0.111111111111}, "0.19357212133333332": {"exp0": 0.10989010989}, "0.19522202133333333": {"exp0": 0.108695652174}, "0.19694566666666663": {"exp0": 0.10752688172}, "0.19874129999999998": {"exp0": 0.106382978723}, "0.20060725199999999": {"exp0": 0.105263157895}, "0.2025419453333333": {"exp0": 0.104166666667}, "0.20454387866666668": {"exp0": 0.103092783505}, "0.206611628": {"exp0": 0.102040816327}, "0.20874384266666668": {"exp0": 0.10101010101}, "0.2109392386666667": {"exp0": 0.1}, "0.21319659333333332": {"exp0": 0.0990099009901}, "0.215514744": {"exp0": 0.0980392156863}, "0.21789258666666667": {"exp0": 0.0970873786408}, "0.22032906933333332": {"exp0": 0.0961538461538}, "0.22282318666666667": {"exp0": 0.0952380952381}, "0.2253739853333333": {"exp0": 0.0943396226415}, "0.22798055199999998": {"exp0": 0.0934579439252}, "0.23064202": {"exp0": 0.0925925925926}, "0.233357556": {"exp0": 0.0917431192661}, "0.23612637066666667": {"exp0": 0.0909090909091}, "0.23894770666666668": {"exp0": 0.0900900900901}, "0.24182084133333334": {"exp0": 0.0892857142857}, "0.244745084": {"exp0": 0.0884955752212}, "0.247719772": {"exp0": 0.0877192982456}, "0.25074427466666666": {"exp0": 0.0869565217391}, "0.25381798533333333": {"exp0": 0.0862068965517}, "0.25694032666666666": {"exp0": 0.0854700854701}, "0.26011074133333334": {"exp0": 0.0847457627119}, "0.26332869866666664": {"exp0": 0.0840336134454}, "0.2665936906666667": {"exp0": 0.0833333333333}, "0.26990522533333333": {"exp0": 0.0826446280992}, "0.273262836": {"exp0": 0.0819672131148}, "0.2766660733333334": {"exp0": 0.0813008130081}, "0.280114504": {"exp0": 0.0806451612903}, "0.2836077146666666": {"exp0": 0.08}, "0.28714530533333327": {"exp0": 0.0793650793651}, "0.290726896": {"exp0": 0.0787401574803}, "0.29435211733333333": {"exp0": 0.078125}, "0.2980206173333333": {"exp0": 0.077519379845}, "0.3017320546666667": {"exp0": 0.0769230769231}, "0.3054861013333333": {"exp0": 0.0763358778626}, "0.30928244666666665": {"exp0": 0.0757575757576}, "0.313120784": {"exp0": 0.0751879699248}, "0.3170008226666667": {"exp0": 0.0746268656716}, "0.32092228266666667": {"exp0": 0.0740740740741}, "0.32488489333333337": {"exp0": 0.0735294117647}, "0.3288883933333333": {"exp0": 0.0729927007299}, "0.33293253066666667": {"exp0": 0.0724637681159}, "0.33669396133333335": {"exp0": 0.0719424460432}, "0.34081865866666666": {"exp0": 0.0714285714286}, "0.344983292": {"exp0": 0.0709219858156}, "0.34918764399999996": {"exp0": 0.0704225352113}, "0.35343150666666673": {"exp0": 0.0699300699301}, "0.3577146746666667": {"exp0": 0.0694444444444}, "0.36203695466666663": {"exp0": 0.0689655172414}, "0.366398156": {"exp0": 0.0684931506849}, "0.3707980973333333": {"exp0": 0.0680272108844}, "0.37523660133333336": {"exp0": 0.0675675675676}, "0.37971349866666665": {"exp0": 0.0671140939597}, "0.3842286226666667": {"exp0": 0.0666666666667}, "0.3887818146666667": {"exp0": 0.0662251655629}, "0.39337292000000007": {"exp0": 0.0657894736842}, "0.3980017906666667": {"exp0": 0.0653594771242}, "0.4026682813333333": {"exp0": 0.0649350649351}, "0.407372252": {"exp0": 0.0645161290323}, "0.41211356800000004": {"exp0": 0.0641025641026}, "0.41689209866666666": {"exp0": 0.0636942675159}, "0.421707716": {"exp0": 0.0632911392405}, "0.4265602986666667": {"exp0": 0.062893081761}, "0.43144972533333337": {"exp0": 0.0625}, "0.4363758826666666": {"exp0": 0.0621118012422}, "0.44133865866666666": {"exp0": 0.0617283950617}, "0.4463379453333334": {"exp0": 0.0613496932515}, "0.451373636": {"exp0": 0.0609756097561}, "0.4564456293333333": {"exp0": 0.0606060606061}, "0.46155382666666667": {"exp0": 0.0602409638554}, "0.46669813200000004": {"exp0": 0.059880239521}, "0.471878452": {"exp0": 0.0595238095238}, "0.4770946973333333": {"exp0": 0.0591715976331}, "0.48234678": {"exp0": 0.0588235294118}, "0.4876346146666667": {"exp0": 0.0584795321637}, "0.49295811733333333": {"exp0": 0.0581395348837}, "0.4983172106666667": {"exp0": 0.0578034682081}, "0.5037118146666667": {"exp0": 0.0574712643678}, "0.5091418533333334": {"exp0": 0.0571428571429}, "0.5146072533333333": {"exp0": 0.0568181818182}, "0.520107944": {"exp0": 0.0564971751412}, "0.525643856": {"exp0": 0.0561797752809}, "0.5312149213333334": {"exp0": 0.0558659217877}, "0.5368210733333333": {"exp0": 0.0555555555556}, "0.542462248": {"exp0": 0.0552486187845}, "0.5481383853333334": {"exp0": 0.0549450549451}, "0.5538494226666667": {"exp0": 0.0546448087432}, "0.5595953026666667": {"exp0": 0.054347826087}, "0.565375968": {"exp0": 0.0540540540541}, "0.5711913613333334": {"exp0": 0.0537634408602}, "0.5770414306666668": {"exp0": 0.0534759358289}, "0.5829261213333333": {"exp0": 0.0531914893617}, "0.5888453826666668": {"exp0": 0.0529100529101}, "0.5947991653333333": {"exp0": 0.0526315789474}, "0.6007874186666666": {"exp0": 0.0523560209424}, "0.6068100973333334": {"exp0": 0.0520833333333}, "0.6128671546666666": {"exp0": 0.0518134715026}, "0.6189585453333333": {"exp0": 0.0515463917526}, "0.6250842253333333": {"exp0": 0.0512820512821}, "0.6312441506666667": {"exp0": 0.0510204081633}, "0.6374382826666667": {"exp0": 0.0507614213198}, "0.6436665773333333": {"exp0": 0.0505050505051}, "0.6499289973333333": {"exp0": 0.0502512562814}, "0.656225504": {"exp0": 0.05}, "0.6625560573333333": {"exp0": 0.0497512437811}, "0.668920624": {"exp0": 0.049504950495}, "0.6753191653333334": {"exp0": 0.0492610837438}, "0.6817516466666667": {"exp0": 0.0490196078431}, "0.688218036": {"exp0": 0.0487804878049}, "0.6947182973333333": {"exp0": 0.0485436893204}, "0.7012524": {"exp0": 0.048309178744}, "0.7078203120000001": {"exp0": 0.0480769230769}, "0.7144220026666667": {"exp0": 0.0478468899522}, "0.72105744": {"exp0": 0.047619047619}, "0.727726596": {"exp0": 0.0473933649289}, "0.7344294426666667": {"exp0": 0.0471698113208}, "0.7411659493333332": {"exp0": 0.0469483568075}, "0.747936092": {"exp0": 0.0467289719626}, "0.7547398399999999": {"exp0": 0.046511627907}, "0.7615771693333334": {"exp0": 0.0462962962963}, "0.7684480546666667": {"exp0": 0.0460829493088}, "0.7753524693333333": {"exp0": 0.045871559633}, "0.7822903906666668": {"exp0": 0.0456621004566}, "0.7892617933333334": {"exp0": 0.0454545454545}, "0.7962666546666667": {"exp0": 0.0452488687783}, "0.8033049506666667": {"exp0": 0.045045045045}, "0.8103766613333334": {"exp0": 0.0448430493274}, "0.817481764": {"exp0": 0.0446428571429}, "0.824620236": {"exp0": 0.0444444444444}, "0.831792056": {"exp0": 0.0442477876106}, "0.8389972066666666": {"exp0": 0.0440528634361}, "0.8462356653333334": {"exp0": 0.0438596491228}, "0.8535074146666667": {"exp0": 0.0436681222707}, "0.8608124333333333": {"exp0": 0.0434782608696}, "0.8681507026666667": {"exp0": 0.04329004329}, "0.8755222066666666": {"exp0": 0.0431034482759}, "0.8829269253333333": {"exp0": 0.0429184549356}, "0.8903648413333333": {"exp0": 0.042735042735}, "0.8978359386666668": {"exp0": 0.0425531914894}, "0.9053402": {"exp0": 0.0423728813559}, "0.912877608": {"exp0": 0.042194092827}, "0.9204481480000001": {"exp0": 0.0420168067227}, "0.9280518026666666": {"exp0": 0.0418410041841}, "0.9356885586666666": {"exp0": 0.0416666666667}, "0.9433583986666666": {"exp0": 0.0414937759336}, "0.9510613093333333": {"exp0": 0.0413223140496}, "0.9587972759999999": {"exp0": 0.0411522633745},