{"0.16710660833333335": {"exp0": 0.144073912197}, "0.16764321833333332": {"exp0": 0.154920164854}, "0.16765706833333333": {"exp0": 0.157051345587}, "0.16775816666666665": {"exp0": 0.152849874999}, "0.16780399000000001": {"exp0": 0.142272182467}, "0.16780543666666667": {"exp0": 0.159246143656}, "0.16799661166666668": {"exp0": 0.150837903168}, "0.16809446666666666": {"exp0": 0.161507450757}, "0.16841586333333333": {"exp0": 0.148881819444}, "0.16860292166666668": {"exp0": 0.140517866677}, "0.16955859": {"exp0": 0.138809117532}, "0.17055005999999998": {"exp0": 0.137144182467}, "0.17091870333333334": {"exp0": 0.164791209909}, "0.1715235283333333": {"exp0": 0.167194911832}, "0.17163325166666665": {"exp0": 0.135521397657}, "0.17229100333333333": {"exp0": 0.169674921753}, "0.17280528666666664": {"exp0": 0.133939182467}, "0.17315765333333333": {"exp0": 0.172234931993}, "0.17406344666666665": {"exp0": 0.132396034319}, "0.17427502666666667": {"exp0": 0.174878876996}, "0.17540519": {"exp0": 0.13089052393}, "0.17558220333333333": {"exp0": 0.177610953499}, "0.17941322166666665": {"exp0": 0.181311613519}, "0.18114713166666666": {"exp0": 0.18423367664}, "0.18310618333333334": {"exp0": 0.187258268291}, "0.18530413166666668": {"exp0": 0.190390881073}, "0.19015534500000003": {"exp0": 0.19445249402}, "0.192807045": {"exp0": 0.197819228026}, "0.19583307833333335": {"exp0": 0.201313008599}, "0.20156068500000002": {"exp0": 0.205706490608}, "0.20514783333333333": {"exp0": 0.209476890306}, "0.20918323333333333": {"exp0": 0.213398105992}, "0.21599537500000002": {"exp0": 0.218203006556}, "0.22073616999999998": {"exp0": 0.222454282066}, "0.22602323333333332": {"exp0": 0.226886462917}, "0.23408230666666666": {"exp0": 0.232199380382}, "0.24038553333333335": {"exp0": 0.237029766855}, "0.24965746666666663": {"exp0": 0.242736923165}, "0.2570352033333333": {"exp0": 0.248021701178}, "0.2674808616666667": {"exp0": 0.254188277156}, "0.2764058916666666": {"exp0": 0.259994723149}, "0.28840682833333336": {"exp0": 0.266697614858}, "0.301294355": {"exp0": 0.273691653416}, "0.3129288666666667": {"exp0": 0.280438279597}, "0.327898955": {"exp0": 0.288114855291}, "0.34407578166666664": {"exp0": 0.296168860792}, "0.3615978833333333": {"exp0": 0.30463566927}, "0.3806241033333333": {"exp0": 0.313554427428}, "0.40133751166666665": {"exp0": 0.322968696945}, "0.4239500666666667": {"exp0": 0.332927200574}, "0.44847555000000006": {"exp0": 0.343484700661}, "0.47805556": {"exp0": 0.35516092106}, "0.5077513066666667": {"exp0": 0.367100661499}, "0.5432733533333333": {"exp0": 0.380282760037}, "0.5797549049999999": {"exp0": 0.393929329239}, "0.6228337349999999": {"exp0": 0.408993060242}, "0.6704467049999999": {"exp0": 0.425168197343}, "0.7261302416666666": {"exp0": 0.44297603131}, "0.7865130633333334": {"exp0": 0.461822163759}, "0.8564225116666666": {"exp0": 0.482645079043}, "0.9357766": {"exp0": 0.505308318195}, "1.0265426566666669": {"exp0": 0.530098013453}, "1.13364078": {"exp0": 0.557671455086}, "1.2565974333333334": {"exp0": 0.588114472154}, "1.403088325": {"exp0": 0.622234296204}, "1.5762730683333332": {"exp0": 0.660371362848}, "1.7842647": {"exp0": 0.703610025394}, "2.036712216666667": {"exp0": 0.752970993054}, "2.3471740999999997": {"exp0": 0.809563810106}, "2.7371000999999997": {"exp0": 0.875676022279}, "3.234492166666667": {"exp0": 0.953530079611}, "3.882740716666667": {"exp0": 1.04659573504}, "4.7539296": {"exp0": 1.160269138}, "5.9640814833333335": {"exp0": 1.30201962331}, "7.7190960833333335": {"exp0": 1.48427034187}, "10.4144893": {"exp0": 1.72696911746}, "14.879741883333333": {"exp0": 2.06733563468}, "23.129077000000002": {"exp0": 2.58055027723}}