{"0.2248725415384615": {"exp0": 0.0979291341204}, "0.22777341230769227": {"exp0": 0.0970637914413}, "0.23072402": {"exp0": 0.0962143266095}, "0.2337237630769231": {"exp0": 0.0953803065928}, "0.23677205384615385": {"exp0": 0.0945613139638}, "0.23986833846153846": {"exp0": 0.0937569462032}, "0.24301208461538462": {"exp0": 0.0929668150401}, "0.24620278307692306": {"exp0": 0.0921905458273}, "0.24943995230769228": {"exp0": 0.0914277769485}, "0.2527231261538462": {"exp0": 0.0906781592574}, "0.2560518569230769": {"exp0": 0.0899413555439}, "0.25942572": {"exp0": 0.0892170400289}, "0.26284430153846156": {"exp0": 0.0885048978839}, "0.2663072153846154": {"exp0": 0.0878046247746}, "0.2698140784615385": {"exp0": 0.0871159264275}, "0.2733645369230769": {"exp0": 0.0864385182173}, "0.2769582446153846": {"exp0": 0.0857721247746}, "0.2805948615384615": {"exp0": 0.0851164796133}, "0.28427407538461535": {"exp0": 0.0844713247746}, "0.2879955753846154": {"exp0": 0.0838364104889}, "0.29175907384615385": {"exp0": 0.0832114948534}, "0.29556427692307696": {"exp0": 0.0825963435246}, "0.2994109169230769": {"exp0": 0.0819907294258}, "0.3032987384615385": {"exp0": 0.0813944324669}, "0.30722747999999994": {"exp0": 0.0808072392785}, "0.3111969015384615": {"exp0": 0.0802289429565}, "0.31520677230769234": {"exp0": 0.0796593428197}, "0.31925686615384613": {"exp0": 0.0790982441776}, "0.3233469661538461": {"exp0": 0.078545458108}, "0.32747686461538467": {"exp0": 0.0780008012452}, "0.3316463553846154": {"exp0": 0.0774640955776}, "0.3358552476923077": {"exp0": 0.0769351682529}, "0.34010335846153844": {"exp0": 0.0764138513933}, "0.3443905015384615": {"exp0": 0.0758999819175}, "0.34871650769230766": {"exp0": 0.0753934013704}, "0.3530812046153846": {"exp0": 0.0748939557606}, "0.35748443538461544": {"exp0": 0.074401495404}, "0.3619260353846154": {"exp0": 0.0739158747746}, "0.3664058569230769": {"exp0": 0.0734369523608}, "0.3709237569230769": {"exp0": 0.0729645905281}, "0.3754795923076923": {"exp0": 0.0724986553869}, "0.38007322461538456": {"exp0": 0.0720390166665}, "0.38470452923076925": {"exp0": 0.0715855475934}, "0.3893733692307692": {"exp0": 0.0711381247746}, "0.39407962": {"exp0": 0.0706966280859}, "0.3988231753846154": {"exp0": 0.0702609405641}, "0.40360390769230764": {"exp0": 0.069830948304}, "0.4084217123076923": {"exp0": 0.0694065403591}, "0.41327647538461537": {"exp0": 0.0689876086456}, "0.4181680938461538": {"exp0": 0.0685740478516}, "0.4230964646153846": {"exp0": 0.0681657553479}, "0.4280614969230769": {"exp0": 0.0677626311037}, "0.4330630907692308": {"exp0": 0.0673645776048}, "0.43810115230769225": {"exp0": 0.0669714997746}, "0.4431755953846154": {"exp0": 0.0665833048989}, "0.4482863261538461": {"exp0": 0.0661999025524}, "0.45343326615384616": {"exp0": 0.0658212045292}, "0.4586163430769231": {"exp0": 0.0654471247746}, "0.4638354569230769": {"exp0": 0.0650775793201}, "0.4690905507692307": {"exp0": 0.0647124862204}, "0.4743815323076923": {"exp0": 0.0643517654932}, "0.47970834923076916": {"exp0": 0.0639953390603}, "0.4850709123076923": {"exp0": 0.0636431306918}, "0.4904691723076923": {"exp0": 0.0632950659511}, "0.49590304307692307": {"exp0": 0.0629510721431}, "0.501372476923077": {"exp0": 0.062611078263}, "0.506877396923077": {"exp0": 0.062275014948}, "0.5124177553846153": {"exp0": 0.0619428144298}, "0.5179934876923077": {"exp0": 0.0616144104889}, "0.523604536923077": {"exp0": 0.061289738411}, "0.5292508553846155": {"exp0": 0.0609687349441}, "0.5349323753846154": {"exp0": 0.0606513382578}, "0.5406490507692308": {"exp0": 0.0603374879031}, "0.5464008230769231": {"exp0": 0.0600271247746}, "0.5521876584615385": {"exp0": 0.059720191073}, "0.5580095015384615": {"exp0": 0.0594166302691}, "0.5638662984615385": {"exp0": 0.0591163870697}, "0.5698720476923077": {"exp0": 0.0588194073833}, "0.5757997507692308": {"exp0": 0.0585256382881}, "0.5786044307692307": {"exp0": 0.0537634408602}, "0.5846122107692308": {"exp0": 0.0534759358289}, "0.5906546338461538": {"exp0": 0.0531914893617}, "0.5967316707692307": {"exp0": 0.0529100529101}, "0.602843283076923": {"exp0": 0.0526315789474}, "0.6089894276923077": {"exp0": 0.0523560209424}, "0.6151700676923078": {"exp0": 0.0520833333333}, "0.6213851769230769": {"exp0": 0.0518134715026}, "0.6276347153846153": {"exp0": 0.0515463917526}, "0.6339186584615385": {"exp0": 0.0512820512821}, "0.6402369646153846": {"exp0": 0.0510204081633}, "0.6465896046153846": {"exp0": 0.0507614213198}, "0.6529765461538461": {"exp0": 0.0505050505051}, "0.6593977707692309": {"exp0": 0.0502512562814}, "0.66585324": {"exp0": 0.05}, "0.6723429246153846": {"exp0": 0.0497512437811}, "0.6788668076923077": {"exp0": 0.049504950495}, "0.6854248446153846": {"exp0": 0.0492610837438}, "0.6920170276923077": {"exp0": 0.0490196078431}, "0.6986433215384615": {"exp0": 0.0487804878049}, "0.7053037015384616": {"exp0": 0.0485436893204}, "0.7119981353846154": {"exp0": 0.048309178744}, "0.7187266169230769": {"exp0": 0.0480769230769}, "0.7254891138461539": {"exp0": 0.0478468899522}, "0.7322856046153846": {"exp0": 0.047619047619}, "0.7391160676923078": {"exp0": 0.0473933649289}, "0.7459804800000001": {"exp0": 0.0471698113208}, "0.7528788230769232": {"exp0": 0.0469483568075}, "0.7598110738461539": {"exp0": 0.0467289719626}, "0.7667772138461538": {"exp0": 0.046511627907}, "0.7737772246153846": {"exp0": 0.0462962962963}, "0.7808110753846154": {"exp0": 0.0460829493088}, "0.7878787676923077": {"exp0": 0.045871559633}, "0.794980263076923": {"exp0": 0.0456621004566}, "0.802115556923077": {"exp0": 0.0454545454545}, "0.8092846276923077": {"exp0": 0.0452488687783}, "0.8164874615384615": {"exp0": 0.045045045045}, "0.8237240292307692": {"exp0": 0.0448430493274}, "0.8309943369230769": {"exp0": 0.0446428571429}, "0.8382983476923077": {"exp0": 0.0444444444444}, "0.845636056923077": {"exp0": 0.0442477876106}, "0.8530074384615385": {"exp0": 0.0440528634361}, "0.8604124984615386": {"exp0": 0.0438596491228}, "0.8678511999999999": {"exp0": 0.0436681222707}, "0.8753235307692309": {"exp0": 0.0434782608696}, "0.8828294999999999": {"exp0": 0.04329004329}, "0.8903690676923077": {"exp0": 0.0431034482759}, "0.8979422353846155": {"exp0": 0.0429184549356}, "0.9055489769230769": {"exp0": 0.042735042735}, "0.9131892923076923": {"exp0": 0.0425531914894}, "0.9208631692307692": {"exp0": 0.0423728813559}, "0.9285705815384616": {"exp0": 0.042194092827}, "0.9363115323076923": {"exp0": 0.0420168067227}, "0.9440859953846155": {"exp0": 0.0418410041841}, "0.9518939846153845": {"exp0": 0.0416666666667}, "0.9597354523076923": {"exp0": 0.0414937759336}, "0.9676104230769231": {"exp0": 0.0413223140496}, "0.9755188507692308": {"exp0": 0.0411522633745}, "0.9834607630769231": {"exp0": 0.0409836065574}, "0.9914361215384615": {"exp0": 0.0408163265306}, "0.9994449184615385": {"exp0": 0.0406504065041}, "1.0074871553846154": {"exp0": 0.0404858299595}, "1.0155628230769231": {"exp0": 0.0403225806452}, "1.0236719": {"exp0": 0.0401606425703}, "1.0318143753846154": {"exp0": 0.04}, "1.0399902553846154": {"exp0": 0.0398406374502}, "1.0481995292307693": {"exp0": 0.0396825396825}, "1.056442173846154": {"exp0": 0.0395256916996}, "1.064718183076923": {"exp0": 0.0393700787402}, "1.07302756": {"exp0": 0.0392156862745}, "1.0813702846153845": {"exp0": 0.0390625}, "1.089746363076923": {"exp0": 0.0389105058366}, "1.0981557707692309": {"exp0": 0.0387596899225}, "1.1065985153846154": {"exp0": 0.03861003861}, "1.1150745753846154": {"exp0": 0.0384615384615}, "1.123583956923077": {"exp0": 0.0383141762452}, "1.13212664": {"exp0": 0.0381679389313}, "1.1407026153846154": {"exp0": 0.0380228136882}, "1.1493118923076922": {"exp0": 0.0378787878788}, "1.1579544461538462": {"exp0": 0.0377358490566}, "1.1666302892307694": {"exp0": 0.0375939849624}, "1.175339396923077": {"exp0": 0.0374531835206}, "1.184081763076923": {"exp0": 0.0373134328358}, "1.1928573984615383": {"exp0": 0.0371747211896}, "1.2016662784615384": {"exp0": 0.037037037037}, "1.2105083984615386": {"exp0": 0.0369003690037},