{"0.164674417": {"exp0": 0.151515151515}, "0.16509541225": {"exp0": 0.153846153846}, "0.16567771225": {"exp0": 0.15625}, "0.166429383": {"exp0": 0.15873015873}, "0.167359147": {"exp0": 0.161290322581}, "0.16847644725": {"exp0": 0.16393442623}, "0.16985333625": {"exp0": 0.166666666667}, "0.17137729175": {"exp0": 0.169491525424}, "0.173122208": {"exp0": 0.172413793103}, "0.17510123075": {"exp0": 0.175438596491}, "0.17739050325": {"exp0": 0.178571428571}, "0.1798820425": {"exp0": 0.181818181818}, "0.18271658025": {"exp0": 0.185185185185}, "0.18578922775": {"exp0": 0.188679245283}, "0.18924416075": {"exp0": 0.192307692308}, "0.193042156": {"exp0": 0.196078431373}, "0.19720808299999998": {"exp0": 0.2}, "0.20176937449999996": {"exp0": 0.204081632653}, "0.2067563505": {"exp0": 0.208333333333}, "0.21220259049999998": {"exp0": 0.212765957447}, "0.21814536325": {"exp0": 0.217391304348}, "0.22468792425": {"exp0": 0.222222222222}, "0.23181468874999997": {"exp0": 0.227272727273}, "0.239515515": {"exp0": 0.232558139535}, "0.24797187550000002": {"exp0": 0.238095238095}, "0.257248785": {"exp0": 0.243902439024}, "0.2672959025": {"exp0": 0.25}, "0.2783195675": {"exp0": 0.25641025641}, "0.29035178": {"exp0": 0.263157894737}, "0.3034991675": {"exp0": 0.27027027027}, "0.3178833775": {"exp0": 0.277777777778}, "0.3337054525": {"exp0": 0.285714285714}, "0.3510636525": {"exp0": 0.294117647059}, "0.37020441": {"exp0": 0.30303030303}, "0.391279895": {"exp0": 0.3125}, "0.41453912": {"exp0": 0.322580645161}, "0.440335035": {"exp0": 0.333333333333}, "0.46900987999999993": {"exp0": 0.344827586207}, "0.500906325": {"exp0": 0.357142857143}, "0.5365668175": {"exp0": 0.37037037037}, "0.5765662275": {"exp0": 0.384615384615}, "0.6215349275": {"exp0": 0.4}, "0.6724356275": {"exp0": 0.416666666667}, "0.7301704525": {"exp0": 0.434782608696}, "0.796126695": {"exp0": 0.454545454545}, "0.8718144225": {"exp0": 0.47619047619}, "0.95920798": {"exp0": 0.5}, "1.060876315": {"exp0": 0.526315789474}, "1.180042005": {"exp0": 0.555555555556}, "1.32084097": {"exp0": 0.588235294118}, "1.4889457325": {"exp0": 0.625}, "1.6916918649999997": {"exp0": 0.666666666667}, "1.9394176325": {"exp0": 0.714285714286}, "2.246413085": {"exp0": 0.769230769231}, "2.633162025": {"exp0": 0.833333333333}, "3.1298665749999994": {"exp0": 0.909090909091}, "3.782554775": {"exp0": 1.0}, "4.66436875": {"exp0": 1.11111111111}, "5.896639325": {"exp0": 1.25}, "7.693422625": {"exp0": 1.42857142857}, "10.461166225": {"exp0": 1.66666666667}, "15.05066295": {"exp0": 2.0}, "23.485040375": {"exp0": 2.5}, "41.66841475": {"exp0": 3.33333333333}}