{"0.11941322925": {"exp0": 0.196992597055}, "0.1196995805": {"exp0": 0.193805424629}, "0.12007846125": {"exp0": 0.190705810504}, "0.12075936575": {"exp0": 0.187689068945}, "0.12130743675": {"exp0": 0.184750783474}, "0.1219377215": {"exp0": 0.181886783107}, "0.1226472535": {"exp0": 0.17909312042}, "0.1236288525": {"exp0": 0.176366051205}, "0.12448489024999998": {"exp0": 0.173702015466}, "0.12541276925": {"exp0": 0.171097619534}, "0.1264103225": {"exp0": 0.168549619094}, "0.128146709": {"exp0": 0.166479805429}, "0.12927750725": {"exp0": 0.16404337372}, "0.1306478455": {"exp0": 0.161654804004}, "0.13190212825": {"exp0": 0.159311336983}, "0.13388910425": {"exp0": 0.15746063354}, "0.1352640305": {"exp0": 0.15520892106}, "0.1366974595": {"exp0": 0.152995061527}, "0.138858707": {"exp0": 0.151286637057}, "0.140405275": {"exp0": 0.149151946319}, "0.14267679075": {"exp0": 0.147529453622}, "0.14449037425": {"exp0": 0.145466575574}, "0.1468674935": {"exp0": 0.143923689771}, "0.1486259795": {"exp0": 0.141925829243}, "0.15110610425": {"exp0": 0.1404568313}, "0.15296677": {"exp0": 0.138517662722}, "0.15554683275": {"exp0": 0.137117368605}, "0.15750682275": {"exp0": 0.135230951662}, "0.16018411825": {"exp0": 0.133894651207}, "0.16290893925": {"exp0": 0.132588721218}, "0.165013049": {"exp0": 0.130778754675}, "0.16783159225": {"exp0": 0.129530527459}, "0.17017539975": {"exp0": 0.127760355736}, "0.17308569825": {"exp0": 0.126566089134}, "0.1760410465": {"exp0": 0.125397505683}, "0.17837388525": {"exp0": 0.123686879821}, "0.18141842575": {"exp0": 0.122567226966}, "0.184506799": {"exp0": 0.121470900211}, "0.18697288125": {"exp0": 0.119810965374}, "0.190148222": {"exp0": 0.118759145471}, "0.193366365": {"exp0": 0.117728574454}, "0.19662699825": {"exp0": 0.116718614858}, "0.19926588550000002": {"exp0": 0.115121021144}, "0.2026110065": {"exp0": 0.11415046203}, "0.20599778675": {"exp0": 0.113198748723}, "0.2094259675": {"exp0": 0.112265337595}, "0.21223330625": {"exp0": 0.110718135287}, "0.2157439585": {"exp0": 0.109819770507}, "0.2194415075": {"exp0": 0.108938197592}, "0.22303415275000002": {"exp0": 0.108072950101}, "0.22600561774999997": {"exp0": 0.106565016601}, "0.22967915575": {"exp0": 0.105731079987}, "0.23339267050000004": {"exp0": 0.104912169258}, "0.23714598525": {"exp0": 0.104107881935}, "0.240938945": {"exp0": 0.103317829786}, "0.244771401": {"exp0": 0.1025416382}, "0.24798471": {"exp0": 0.101089608153}, "0.25189607": {"exp0": 0.100340057928}, "0.2558464725": {"exp0": 0.0996033205275}, "0.2598357975": {"exp0": 0.0988790702015}, "0.26386392": {"exp0": 0.09816699215}, "0.26727521": {"exp0": 0.0967419393258}, "0.2713809675": {"exp0": 0.0960532960751}, "0.27552516": {"exp0": 0.095375942058}, "0.2797077": {"exp0": 0.0947096019274}, "0.283928465": {"exp0": 0.0940540092182}, "0.28818738": {"exp0": 0.0934089059924}, "0.2924843325": {"exp0": 0.0927740425004}, "0.2961678925": {"exp0": 0.0913827159236}, "0.3005410975": {"exp0": 0.0907676076559}, "0.30495208": {"exp0": 0.0901620359505}, "0.309400755": {"exp0": 0.0895657807329}, "0.3138870725": {"exp0": 0.0889786286483}, "0.3184109325": {"exp0": 0.0884003728074}, "0.32297228": {"exp0": 0.0878308125431}, "0.32757105": {"exp0": 0.0872697531783}, "0.33220717": {"exp0": 0.0867170058041}, "0.3362347575": {"exp0": 0.0853562172075}, "0.34094581": {"exp0": 0.0848195437425}, "0.3456940275": {"exp0": 0.0842906481538}, "0.3506571625": {"exp0": 0.0837693625735}, "0.355481205": {"exp0": 0.0832555239302}, "0.360342275": {"exp0": 0.0827489737782}, "0.365240315": {"exp0": 0.0822495581354}, "0.37017528": {"exp0": 0.0817571273268}, "0.3751471225": {"exp0": 0.0812715358349}, "0.3801558": {"exp0": 0.0807926421568}, "0.3845606475": {"exp0": 0.079443327928}, "0.3896433": {"exp0": 0.0789774160838}, "0.394762645": {"exp0": 0.0785178003456}, "0.3999186575": {"exp0": 0.0780643539462}, "0.405111285": {"exp0": 0.0776169534988}, "0.41034048999999995": {"exp0": 0.0771754788851}, "0.4156062475000001": {"exp0": 0.0767398131479}, "0.42090852000000006": {"exp0": 0.0763098423877}, "0.42624727000000007": {"exp0": 0.0758854556633}, "0.4316224725000001": {"exp0": 0.0754665448966}, "0.437034095": {"exp0": 0.0750530047808}, "0.4424821": {"exp0": 0.074644732692}, "0.4473348925": {"exp0": 0.0732878496828}, "0.45285607": {"exp0": 0.0728898121061}, "0.45841353999999995": {"exp0": 0.0724967499992}, "0.46400727750000004": {"exp0": 0.0721085706514}, "0.46963725749999996": {"exp0": 0.0717251836412}, "0.4753034575": {"exp0": 0.0713465007661}, "0.4810058549999999": {"exp0": 0.0709724359748}, "0.4867444175": {"exp0": 0.0706029053022}, "0.492519135": {"exp0": 0.0702378268064}, "0.498329975": {"exp0": 0.0698771205082}, "0.5041769175": {"exp0": 0.0695207083326}, "0.5100599425": {"exp0": 0.0691685140525}, "0.515979045": {"exp0": 0.0688204632345}, "0.52193418": {"exp0": 0.0684764831864}, "0.5279253575": {"exp0": 0.0681365029062}, "0.5339525325": {"exp0": 0.0678004530339}, "0.5400157025": {"exp0": 0.0674682658038}, "0.545496955": {"exp0": 0.0660847538954}, "0.551632575": {"exp0": 0.0657600915577}, "0.55780412": {"exp0": 0.0654390977211}, "0.56401159": {"exp0": 0.0651217105567}, "0.57025496": {"exp0": 0.0648078696177}, "0.5765342275": {"exp0": 0.0644975158002}, "0.58284935": {"exp0": 0.0641905913066}, "0.589200345": {"exp0": 0.0638870396097}, "0.59558717": {"exp0": 0.0635868054177}, "0.6020098425": {"exp0": 0.0632898346408}, "0.60846832": {"exp0": 0.0629960743587}, "0.614962605": {"exp0": 0.0627054727894}, "0.6214927025": {"exp0": 0.0624179792583}, "0.6280585575": {"exp0": 0.062133544169}, "0.6346602": {"exp0": 0.0618521189748}, "0.641297595": {"exp0": 0.061573656151}, "0.64797073": {"exp0": 0.0612981091684}, "0.6546796075": {"exp0": 0.0610254324668}, "0.66142422": {"exp0": 0.0607555814306}, "0.668204545": {"exp0": 0.0604885123637}, "0.67502057": {"exp0": 0.0602241824668}, "0.6818722875": {"exp0": 0.0599625498138}, "0.688759705": {"exp0": 0.0597035733298}, "0.6956827975": {"exp0": 0.0594472127699}, "0.70204536": {"exp0": 0.0579956573412}, "0.709040355": {"exp0": 0.0577444085974}, "0.7160710125": {"exp0": 0.0574956598412}, "0.72313729": {"exp0": 0.057249373944}, "0.7302391975": {"exp0": 0.0570055145088}, "0.7373767425": {"exp0": 0.0567640458523}, "0.74454989": {"exp0": 0.0565249329877}, "0.7517586425": {"exp0": 0.0562881416072}, "0.759003": {"exp0": 0.056053638066}, "0.76628295": {"exp0": 0.0558213893667}, "0.773598475": {"exp0": 0.0555913631429}, "0.7809495975": {"exp0": 0.0553635276451}, "0.78833628": {"exp0": 0.0551378517254}, "0.7957585175": {"exp0": 0.0549143048239}, "0.80321632": {"exp0": 0.0546928569543}, "0.81070968": {"exp0": 0.0544734786909}, "0.8182385975000002": {"exp0": 0.0542561411556}, "0.8258030425": {"exp0": 0.0540408160049}, "0.8334030325": {"exp0": 0.0538274754177}, "0.841038545": {"exp0": 0.0536160920837}, "0.84870957": {"exp0": 0.0534066391911}, "0.8564161250000001": {"exp0": 0.0531990904156}, "0.8641582049999998": {"exp0": 0.0529934199097}, "0.871935765": {"exp0": 0.0527896022911}, "0.8797488600000001": {"exp0": 0.0525876126333}, "0.8875974275": {"exp0": 0.0523874264546}, "0.8954814999999999": {"exp0": 0.0521890197086}, "0.9034010574999999": {"exp0": 0.0519923687744}, "0.9113560924999999": {"exp0": 0.0517974504477}, "0.91934662": {"exp0": 0.0516042419308}, "0.9273726200000001": {"exp0": 0.0514127208245}, "0.9354340875": {"exp0": 0.0512228651192}, "0.9435310174999999": {"exp0": 0.0510346531862}, "0.9516634249999999": {"exp0": 0.0508480637699}, "0.9598312675": {"exp0": 0.0506630759794}, "0.968034585": {"exp0": 0.0504796692812}, "0.9757155699999999": {"exp0": 0.048876864123}, "0.984408825": {"exp0": 0.0486965575958}, "0.99272253": {"exp0": 0.0485177726426}, "1.001071705": {"exp0": 0.048340490084}, "1.0094563075": {"exp0": 0.0481646910615}, "1.0178763525": {"exp0": 0.0479903570308}, "1.0263318375": {"exp0": 0.0478174697556}, "1.03482276": {"exp0": 0.0476460113008}, "1.0433491175": {"exp0": 0.0474759640267}, "1.0519109075": {"exp0": 0.0473073105827},