{"0.18929498142857143": {"exp0": 0.113166689992}, "0.19126682857142857": {"exp0": 0.111997931226}, "0.1933035042857143": {"exp0": 0.110854039668}, "0.19540366142857143": {"exp0": 0.109734230038}, "0.19756602285714284": {"exp0": 0.108637749775}, "0.19978937428571428": {"exp0": 0.107563877352}, "0.20207256857142858": {"exp0": 0.106511920693}, "0.2044145057142857": {"exp0": 0.105481215684}, "0.20681415142857143": {"exp0": 0.104471124775}, "0.2093159814285714": {"exp0": 0.103481035666}, "0.21182844857142857": {"exp0": 0.102510360069}, "0.21439581142857142": {"exp0": 0.101558532542}, "0.21701722": {"exp0": 0.10062500939}, "0.21969185857142856": {"exp0": 0.0997092676318}, "0.22241895571428572": {"exp0": 0.0988108040199}, "0.22519777285714285": {"exp0": 0.0979291341204}, "0.22802760285714285": {"exp0": 0.0970637914413}, "0.23090777571428572": {"exp0": 0.0962143266095}, "0.23383764999999998": {"exp0": 0.0953803065928}, "0.23681660857142856": {"exp0": 0.0945613139638}, "0.23984406999999996": {"exp0": 0.0937569462032}, "0.24291946857142857": {"exp0": 0.0929668150401}, "0.24604227285714284": {"exp0": 0.0921905458273}, "0.24921196714285712": {"exp0": 0.0914277769485}, "0.25242806": {"exp0": 0.0906781592574}, "0.25569008285714284": {"exp0": 0.0899413555439}, "0.25899758428571423": {"exp0": 0.0892170400289}, "0.2623501342857143": {"exp0": 0.0885048978839}, "0.2657473157142857": {"exp0": 0.0878046247746}, "0.2691887328571429": {"exp0": 0.0871159264275}, "0.27267400714285717": {"exp0": 0.0864385182173}, "0.2762027714285714": {"exp0": 0.0857721247746}, "0.27977467285714286": {"exp0": 0.0851164796133}, "0.2833893785714286": {"exp0": 0.0844713247746}, "0.28704656142857143": {"exp0": 0.0838364104889}, "0.2907459128571428": {"exp0": 0.0832114948534}, "0.2944871328571429": {"exp0": 0.0825963435246}, "0.2982699357142857": {"exp0": 0.0819907294258}, "0.3020940385714286": {"exp0": 0.0813944324669}, "0.30595918285714285": {"exp0": 0.0808072392785}, "0.30986510857142857": {"exp0": 0.0802289429565}, "0.3138115714285714": {"exp0": 0.0796593428197}, "0.31779833142857145": {"exp0": 0.0790982441776}, "0.32182516285714285": {"exp0": 0.078545458108}, "0.32589184142857147": {"exp0": 0.0780008012452}, "0.32999815714285713": {"exp0": 0.0774640955776}, "0.33414390857142856": {"exp0": 0.0769351682529}, "0.3383288928571429": {"exp0": 0.0764138513933}, "0.3425529214285714": {"exp0": 0.0758999819175}, "0.3468158085714285": {"exp0": 0.0753934013704}, "0.35111738000000003": {"exp0": 0.0748939557606}, "0.35545746857142857": {"exp0": 0.074401495404}, "0.35983589714285713": {"exp0": 0.0739158747746}, "0.3642525171428571": {"exp0": 0.0734369523608}, "0.3687071642857143": {"exp0": 0.0729645905281}, "0.3731997014285714": {"exp0": 0.0724986553869}, "0.37772997571428574": {"exp0": 0.0720390166665}, "0.38229785": {"exp0": 0.0715855475934}, "0.38690319285714286": {"exp0": 0.0711381247746}, "0.39154587": {"exp0": 0.0706966280859}, "0.39622575857142855": {"exp0": 0.0702609405641}, "0.4009427285714286": {"exp0": 0.069830948304}, "0.4056966714285714": {"exp0": 0.0694065403591}, "0.41048747428571425": {"exp0": 0.0689876086456}, "0.4153150171428571": {"exp0": 0.0685740478516}, "0.4201791971428572": {"exp0": 0.0681657553479}, "0.4250799128571428": {"exp0": 0.0677626311037}, "0.43001706142857143": {"exp0": 0.0673645776048}, "0.43111523714285716": {"exp0": 0.0625}, "0.43613933142857136": {"exp0": 0.0621118012422}, "0.44119940571428573": {"exp0": 0.0617283950617}, "0.44629537714285705": {"exp0": 0.0613496932515}, "0.4514271614285715": {"exp0": 0.0609756097561}, "0.45659467571428575": {"exp0": 0.0606060606061}, "0.4617978557142857": {"exp0": 0.0602409638554}, "0.46703660714285716": {"exp0": 0.059880239521}, "0.47231086857142857": {"exp0": 0.0595238095238}, "0.4776205628571429": {"exp0": 0.0591715976331}, "0.4829656214285714": {"exp0": 0.0588235294118}, "0.4883459785714286": {"exp0": 0.0584795321637}, "0.49376156714285707": {"exp0": 0.0581395348837}, "0.49921232428571427": {"exp0": 0.0578034682081}, "0.5046981971428571": {"exp0": 0.0574712643678}, "0.5102191114285715": {"exp0": 0.0571428571429}, "0.5157750157142857": {"exp0": 0.0568181818182}, "0.5214618614285714": {"exp0": 0.0564971751412}, "0.5270885714285715": {"exp0": 0.0561797752809}, "0.5327501142857143": {"exp0": 0.0558659217877}, "0.5384464328571429": {"exp0": 0.0555555555556}, "0.5441774828571428": {"exp0": 0.0552486187845}, "0.5499432142857144": {"exp0": 0.0549450549451}, "0.5557435742857142": {"exp0": 0.0546448087432}, "0.5615785228571428": {"exp0": 0.054347826087}, "0.5674480085714285": {"exp0": 0.0540540540541}, "0.5733519942857144": {"exp0": 0.0537634408602}, "0.5792904385714286": {"exp0": 0.0534759358289}, "0.58526329": {"exp0": 0.0531914893617}, "0.5912705114285715": {"exp0": 0.0529100529101}, "0.5973120614285714": {"exp0": 0.0526315789474}, "0.6033879157142856": {"exp0": 0.0523560209424}, "0.6094980171428571": {"exp0": 0.0520833333333}, "0.6156423428571428": {"exp0": 0.0518134715026}, "0.6218208514285715": {"exp0": 0.0515463917526}, "0.6280335057142857": {"exp0": 0.0512820512821}, "0.6342802742857143": {"exp0": 0.0510204081633}, "0.6405611314285715": {"exp0": 0.0507614213198}, "0.646876037142857": {"exp0": 0.0505050505051}, "0.6532249614285714": {"exp0": 0.0502512562814}, "0.6596078728571428": {"exp0": 0.05}, "0.6660247414285715": {"exp0": 0.0497512437811}, "0.6724755385714286": {"exp0": 0.049504950495}, "0.6789602457142858": {"exp0": 0.0492610837438}, "0.6854788171428572": {"exp0": 0.0490196078431}, "0.6920312442857143": {"exp0": 0.0487804878049}, "0.6986174828571428": {"exp0": 0.0485436893204}, "0.7052375257142858": {"exp0": 0.048309178744}, "0.7118913285714286": {"exp0": 0.0480769230769}, "0.7185788771428571": {"exp0": 0.0478468899522}, "0.7253001571428571": {"exp0": 0.047619047619}, "0.7320551271428571": {"exp0": 0.0473933649289}, "0.7388437742857143": {"exp0": 0.0471698113208}, "0.7456660742857143": {"exp0": 0.0469483568075}, "0.7525220071428571": {"exp0": 0.0467289719626}, "0.7594115514285714": {"exp0": 0.046511627907}, "0.7663346771428571": {"exp0": 0.0462962962963}, "0.7732913842857143": {"exp0": 0.0460829493088}, "0.7802816328571428": {"exp0": 0.045871559633}, "0.7873054128571428": {"exp0": 0.0456621004566}, "0.7943627071428572": {"exp0": 0.0454545454545}, "0.8014534857142857": {"exp0": 0.0452488687783}, "0.8085777428571429": {"exp0": 0.045045045045}, "0.8157354585714285": {"exp0": 0.0448430493274}, "0.8229266171428572": {"exp0": 0.0446428571429}, "0.8301511914285714": {"exp0": 0.0444444444444}, "0.8374091871428571": {"exp0": 0.0442477876106}, "0.8447005542857143": {"exp0": 0.0440528634361}, "0.8520253099999999": {"exp0": 0.0438596491228}, "0.859383417142857": {"exp0": 0.0436681222707}, "0.8667748742857143": {"exp0": 0.0434782608696}, "0.8741996514285715": {"exp0": 0.04329004329}, "0.8816577485714285": {"exp0": 0.0431034482759}, "0.8891491514285714": {"exp0": 0.0429184549356}, "0.8966738328571429": {"exp0": 0.042735042735}, "0.904231792857143": {"exp0": 0.0425531914894}, "0.9118230057142858": {"exp0": 0.0423728813559}, "0.9194474714285713": {"exp0": 0.042194092827}, "0.9271051757142857": {"exp0": 0.0420168067227}, "0.9347960957142857": {"exp0": 0.0418410041841}, "0.94252023": {"exp0": 0.0416666666667}, "0.9502775557142857": {"exp0": 0.0414937759336}, "0.9580680742857143": {"exp0": 0.0413223140496}, "0.9658917600000001": {"exp0": 0.0411522633745}, "0.9737486157142858": {"exp0": 0.0409836065574}, "0.9816386171428573": {"exp0": 0.0408163265306}, "0.9895617671428572": {"exp0": 0.0406504065041}, "0.9975180414285714": {"exp0": 0.0404858299595}, "1.0055074428571429": {"exp0": 0.0403225806452}, "1.0135299500000001": {"exp0": 0.0401606425703}, "1.0215855642857141": {"exp0": 0.04}, "1.029674262857143": {"exp0": 0.0398406374502}, "1.0377960385714284": {"exp0": 0.0396825396825}, "1.0459508914285713": {"exp0": 0.0395256916996}, "1.0541388157142857": {"exp0": 0.0393700787402}, "1.0623597885714284": {"exp0": 0.0392156862745},