{"0.1787136778": {"exp0": 0.142857142857}, "0.17920605999999997": {"exp0": 0.144927536232}, "0.1797350124": {"exp0": 0.147058823529}, "0.18042728": {"exp0": 0.149253731343}, "0.1814101664": {"exp0": 0.151515151515}, "0.1824533476": {"exp0": 0.153846153846}, "0.183685408": {"exp0": 0.15625}, "0.18523566460000002": {"exp0": 0.15873015873}, "0.18687600399999998": {"exp0": 0.161290322581}, "0.1887374332": {"exp0": 0.16393442623}, "0.1909519326": {"exp0": 0.166666666667}, "0.1932943244": {"exp0": 0.169491525424}, "0.19601825900000003": {"exp0": 0.172413793103}, "0.1989010592": {"exp0": 0.175438596491}, "0.20219914": {"exp0": 0.178571428571}, "0.205692892": {"exp0": 0.181818181818}, "0.20964214": {"exp0": 0.185185185185}, "0.21395048000000003": {"exp0": 0.188679245283}, "0.21852374200000002": {"exp0": 0.192307692308}, "0.22362848000000002": {"exp0": 0.196078431373}, "0.229175822": {"exp0": 0.2}, "0.23508005199999998": {"exp0": 0.204081632653}, "0.241617206": {"exp0": 0.208333333333}, "0.248709118": {"exp0": 0.212765957447}, "0.256401546": {"exp0": 0.217391304348}, "0.26474539799999997": {"exp0": 0.222222222222}, "0.273797426": {"exp0": 0.227272727273}, "0.28362106": {"exp0": 0.232558139535}, "0.294287368": {"exp0": 0.238095238095}, "0.30587619": {"exp0": 0.243902439024}, "0.318596864": {"exp0": 0.25}, "0.332312222": {"exp0": 0.25641025641}, "0.347376216": {"exp0": 0.263157894737}, "0.36368100000000003": {"exp0": 0.27027027027}, "0.38161472199999996": {"exp0": 0.277777777778}, "0.401229006": {"exp0": 0.285714285714}, "0.422720374": {"exp0": 0.294117647059}, "0.44631557199999994": {"exp0": 0.30303030303}, "0.47227731999999994": {"exp0": 0.3125}, "0.501030758": {"exp0": 0.322580645161}, "0.532814074": {"exp0": 0.333333333333}, "0.567928164": {"exp0": 0.344827586207}, "0.607227744": {"exp0": 0.357142857143}, "0.65094499": {"exp0": 0.37037037037}, "0.700024542": {"exp0": 0.384615384615}, "0.755196922": {"exp0": 0.4}, "0.8174926859999999": {"exp0": 0.416666666667}, "0.888290542": {"exp0": 0.434782608696}, "0.9691424319999999": {"exp0": 0.454545454545}, "1.061859098": {"exp0": 0.47619047619}, "1.1688649420000001": {"exp0": 0.5}, "1.29335807": {"exp0": 0.526315789474}, "1.4392956559999999": {"exp0": 0.555555555556}, "1.6118321000000002": {"exp0": 0.588235294118}, "1.817662264": {"exp0": 0.625}, "2.0660645": {"exp0": 0.666666666667}, "2.3697015199999996": {"exp0": 0.714285714286}, "2.7458821799999997": {"exp0": 0.769230769231}, "3.21999792": {"exp0": 0.833333333333}, "3.82901592": {"exp0": 0.909090909091}, "4.62957492": {"exp0": 1.0}, "5.71126238": {"exp0": 1.11111111111}, "7.22322784": {"exp0": 1.25}, "9.4279417": {"exp0": 1.42857142857}, "12.8244572": {"exp0": 1.66666666667}, "18.45698586": {"exp0": 2.0}, "28.825192600000005": {"exp0": 2.5}}