{"0.17336981333333332": {"exp0": 0.145210634809}, "0.17340292933333334": {"exp0": 0.147166777219}, "0.17346287333333335": {"exp0": 0.143308085341}, "0.173567596": {"exp0": 0.149178809412}, "0.17367708799999998": {"exp0": 0.14145695613}, "0.17386958933333335": {"exp0": 0.151249161379}, "0.17400776933333334": {"exp0": 0.139655190364}, "0.17417909466666667": {"exp0": 0.12792768033}, "0.17427178266666665": {"exp0": 0.15338040605}, "0.17445053866666665": {"exp0": 0.137900839487}, "0.174867036": {"exp0": 0.155575269966}, "0.17500129466666667": {"exp0": 0.136192056165}, "0.17523839200000002": {"exp0": 0.126422124775}, "0.17561960000000001": {"exp0": 0.15783664491}, "0.17565619733333332": {"exp0": 0.1345270878}, "0.17638536533333332": {"exp0": 0.124952847666}, "0.17641164533333334": {"exp0": 0.132904270533}, "0.17653719466666667": {"exp0": 0.160167600621}, "0.17761740266666667": {"exp0": 0.123518553346}, "0.17762815066666665": {"exp0": 0.162571398697}, "0.17885546933333335": {"exp0": 0.165051507824}, "0.17897077733333333": {"exp0": 0.122118007128}, "0.18032017866666664": {"exp0": 0.167611620472}, "0.18036575333333335": {"exp0": 0.120750031751}, "0.181838836": {"exp0": 0.119413504085}, "0.18198743866666667": {"exp0": 0.170255671238}, "0.18338796266666665": {"exp0": 0.118107352047}, "0.18501118133333333": {"exp0": 0.116830551741}, "0.1867066453333333": {"exp0": 0.115582124775}, "0.18797749600000002": {"exp0": 0.174407575264}, "0.18847261333333332": {"exp0": 0.114361135764}, "0.190115988": {"exp0": 0.177232349275}, "0.19030744133333333": {"exp0": 0.113166689992}, "0.19220956133333336": {"exp0": 0.111997931226}, "0.19249539599999999": {"exp0": 0.180154529287}, "0.19417750133333334": {"exp0": 0.110854039668}, "0.19513042533333333": {"exp0": 0.183179241931}, "0.19620985600000002": {"exp0": 0.109734230038}, "0.19803710533333332": {"exp0": 0.186311980026}, "0.1983052946666667": {"exp0": 0.108637749775}, "0.20050322": {"exp0": 0.107563877352}, "0.20117777599999997": {"exp0": 0.18955863587}, "0.20272137466666665": {"exp0": 0.106511920693}, "0.20468062400000003": {"exp0": 0.192925538227}, "0.20499903466666666": {"exp0": 0.105481215684}, "0.20733511866666668": {"exp0": 0.104471124775}, "0.20851259600000002": {"exp0": 0.196419493503}, "0.209728596": {"exp0": 0.103481035666}, "0.21217849466666666": {"exp0": 0.102510360069}, "0.21263749733333331": {"exp0": 0.200047831674}, "0.21468387866666666": {"exp0": 0.101558532542}, "0.217243864": {"exp0": 0.10062500939}, "0.21985760533333332": {"exp0": 0.0997092676318}, "0.22129339066666665": {"exp0": 0.205014770702}, "0.222524296": {"exp0": 0.0988108040199}, "0.22524317066666666": {"exp0": 0.0979291341204}, "0.22629424800000003": {"exp0": 0.208936182467}, "0.228013496": {"exp0": 0.0970637914413}, "0.23083457066666666": {"exp0": 0.0962143266095}, "0.23173232933333335": {"exp0": 0.213017651855}, "0.23370572933333333": {"exp0": 0.0953803065928}, "0.23662633333333336": {"exp0": 0.0945613139638}, "0.237641612": {"exp0": 0.217269182467}, "0.23959577466666665": {"exp0": 0.0937569462032}, "0.24261346666666667": {"exp0": 0.0929668150401}, "0.24398965866666666": {"exp0": 0.221701629275}, "0.2456788546666667": {"exp0": 0.0921905458273}, "0.24879140400000002": {"exp0": 0.0914277769485}, "0.2509561106666667": {"exp0": 0.226326791162}, "0.25195060533333336": {"exp0": 0.0906781592574}, "0.2551559666666666": {"exp0": 0.0899413555439}, "0.258407024": {"exp0": 0.0892170400289}, "0.2584447386666667": {"exp0": 0.2311575158}, "0.26170332399999996": {"exp0": 0.0885048978839}, "0.2650444373333333": {"exp0": 0.0878046247746}, "0.2684299546666667": {"exp0": 0.0871159264275}, "0.27078651733333337": {"exp0": 0.237261238636}, "0.27185947600000004": {"exp0": 0.0864385182173}, "0.2753326213333333": {"exp0": 0.0857721247746}, "0.27884902666666667": {"exp0": 0.0851164796133}, "0.27974480799999996": {"exp0": 0.242546386627}, "0.2824083453333333": {"exp0": 0.0844713247746}, "0.28601023466666664": {"exp0": 0.0838364104889}, "0.28939138": {"exp0": 0.248083208333}, "0.289654372": {"exp0": 0.0832114948534}, "0.29334045066666664": {"exp0": 0.0825963435246}, "0.297068168": {"exp0": 0.0819907294258}, "0.29987768666666664": {"exp0": 0.253890118902}, "0.30083723866666673": {"exp0": 0.0813944324669}, "0.30464738533333335": {"exp0": 0.0808072392785}, "0.30849833866666665": {"exp0": 0.0802289429565}, "0.312389844": {"exp0": 0.0796593428197}, "0.31549596": {"exp0": 0.260939286832}, "0.3163216573333333": {"exp0": 0.0790982441776}, "0.32029353866666666": {"exp0": 0.078545458108}, "0.32430525866666665": {"exp0": 0.0780008012452}, "0.32806258666666666": {"exp0": 0.267349158627}, "0.32835659866666667": {"exp0": 0.0774640955776}, "0.33244733866666665": {"exp0": 0.0769351682529}, "0.3416562733333333": {"exp0": 0.274096392095}, "0.35648953733333333": {"exp0": 0.281208340886}, "0.376963464": {"exp0": 0.289590285835}, "0.3947590040000001": {"exp0": 0.297526238216}, "0.4142674026666667": {"exp0": 0.305929011325}, "0.43987144": {"exp0": 0.315654918262}, "0.4635147533333333": {"exp0": 0.325123857656}, "0.49377012000000003": {"exp0": 0.335967718896}, "0.5226829893333333": {"exp0": 0.346719439326}, "0.5589380840000001": {"exp0": 0.358934885514}, "0.594683104": {"exp0": 0.371248924923}, "0.6386125533333333": {"exp0": 0.385161618707}, "0.687369316": {"exp0": 0.400060699389}, "0.7417473533333333": {"exp0": 0.416071991441}, "0.8027072879999999": {"exp0": 0.433340948192}, "0.8714216": {"exp0": 0.452037249849}, "0.9493345866666666": {"exp0": 0.472360555537}, "1.0376143253333332": {"exp0": 0.494547829046}, "1.13971456": {"exp0": 0.518882812127}, "1.2614145693333334": {"exp0": 0.546209526291}, "1.3985610800000001": {"exp0": 0.575931714463}, "1.5639673866666666": {"exp0": 0.609546377316}, "1.7601059333333335": {"exp0": 0.647203032189}, "1.9949081733333336": {"exp0": 0.689722998133}, "2.2835202266666665": {"exp0": 0.738564488813}, "2.63898456": {"exp0": 0.794665268683}, "3.082912386666667": {"exp0": 0.859863734001}, "3.650091613333333": {"exp0": 0.936662120564}, "4.3993557999999995": {"exp0": 1.02922153064}, "5.398864186666667": {"exp0": 1.14155792626}, "6.795704506666667": {"exp0": 1.2821839166}, "8.82681276": {"exp0": 1.46289388947}, "11.947341826666667": {"exp0": 1.7036529724}, "17.109997200000002": {"exp0": 2.04083175143}, "26.6201068": {"exp0": 2.54720740864}}