{"0.1625521769090909": {"exp0": 0.156749343806}, "0.16275581163636363": {"exp0": 0.147932369024}, "0.1629060009090909": {"exp0": 0.154679095359}, "0.1633749409090909": {"exp0": 0.152667163769}, "0.16355300636363637": {"exp0": 0.146081313859}, "0.16395453545454547": {"exp0": 0.150711119168}, "0.16410575763636362": {"exp0": 0.161890648701}, "0.1641372630909091": {"exp0": 0.164151887959}, "0.16422496072727272": {"exp0": 0.16648270381}, "0.16451895200000002": {"exp0": 0.144279620165}, "0.1645356849090909": {"exp0": 0.168886357656}, "0.1655097518181818": {"exp0": 0.142525339464}, "0.16659276345454546": {"exp0": 0.140816624494}, "0.1668926369090909": {"exp0": 0.172131979008}, "0.16743581854545456": {"exp0": 0.174691912444}, "0.16776503327272727": {"exp0": 0.13915172273}, "0.16823002163636364": {"exp0": 0.177335778124}, "0.16919942618181819": {"exp0": 0.180067772659}, "0.172255734": {"exp0": 0.183616358337}, "0.1736164": {"exp0": 0.18653833379}, "0.17518422581818183": {"exp0": 0.189562834697}, "0.1787767518181818": {"exp0": 0.193383774792}, "0.1808069789090909": {"exp0": 0.196630170896}, "0.18298187999999999": {"exp0": 0.199996803892}, "0.18743103636363637": {"exp0": 0.204148072393}, "0.19026698909090908": {"exp0": 0.207776084004}, "0.19531227454545455": {"exp0": 0.212176932618}, "0.1986704854545455": {"exp0": 0.216097991441}, "0.2042760581818182": {"exp0": 0.220785676083}, "0.20848302545454545": {"exp0": 0.225036781525}, "0.21500399272727277": {"exp0": 0.230053901098}, "0.22183240363636364": {"exp0": 0.235244350003}, "0.22738074909090908": {"exp0": 0.240074494931}, "0.23520595454545454": {"exp0": 0.245672396146}, "0.2437440581818182": {"exp0": 0.251489091197}, "0.2527463454545455": {"exp0": 0.257542662722}, "0.2605230218181818": {"exp0": 0.263348760283}, "0.27110721272727273": {"exp0": 0.269948999975}, "0.28233385636363634": {"exp0": 0.27684923583}, "0.2944535127272727": {"exp0": 0.284075023242}, "0.30756152545454546": {"exp0": 0.291654485425}, "0.3236654581818182": {"exp0": 0.300067615522}, "0.33909571636363633": {"exp0": 0.308442026226}, "0.3558918181818182": {"exp0": 0.31727456676}, "0.3758694436363636": {"exp0": 0.327023867305}, "0.3959128981818182": {"exp0": 0.336899310242}, "0.41980612727272726": {"exp0": 0.347773616698}, "0.4456174218181818": {"exp0": 0.359294592998}, "0.47391936181818184": {"exp0": 0.371533848944}, "0.5069691781818182": {"exp0": 0.384929328357}, "0.5414190727272727": {"exp0": 0.398851225341}, "0.581573189090909": {"exp0": 0.414107684488}, "0.6261730072727273": {"exp0": 0.43046781674}, "0.6750748799999999": {"exp0": 0.448077156841}, "0.7328645909090911": {"exp0": 0.467406742685}, "0.7969006509090909": {"exp0": 0.488335652034}, "0.8695291181818181": {"exp0": 0.511103413282}, "0.9544442727272726": {"exp0": 0.536264878415}, "1.0525372454545454": {"exp0": 0.564134551345}, "1.1660401436363634": {"exp0": 0.59485802925}, "1.3006934927272726": {"exp0": 0.629193376843}, "1.4596870672727271": {"exp0": 0.667761276223}, "1.6495982018181816": {"exp0": 0.711141506939}, "1.8799475272727275": {"exp0": 0.760801098676}, "2.163583890909091": {"exp0": 0.817867748605}, "2.519275236363636": {"exp0": 0.884335883996}, "2.9720376727272724": {"exp0": 0.962651959223}, "3.5603897818181816": {"exp0": 1.05626115636}, "4.353071690909091": {"exp0": 1.17046375874}, "5.450484327272727": {"exp0": 1.31313042749}, "7.044749363636364": {"exp0": 1.49604581354}, "9.486506981818183": {"exp0": 1.74028896702}, "13.537818054545452": {"exp0": 2.08297743811}, "21.009165818181817": {"exp0": 2.59581117636}}