{"0.1806903046153846": {"exp0": 0.138888888889}, "0.18103251076923074": {"exp0": 0.140845070423}, "0.18152365230769232": {"exp0": 0.142857142857}, "0.1824020969230769": {"exp0": 0.144927536232}, "0.1832119553846154": {"exp0": 0.147058823529}, "0.18419263846153844": {"exp0": 0.149253731343}, "0.18535257384615383": {"exp0": 0.151515151515}, "0.18670084153846153": {"exp0": 0.153846153846}, "0.18824723538461538": {"exp0": 0.15625}, "0.19000233384615386": {"exp0": 0.15873015873}, "0.1919775723076923": {"exp0": 0.161290322581}, "0.19418533384615383": {"exp0": 0.16393442623}, "0.19687062615384612": {"exp0": 0.166666666667}, "0.19958485076923077": {"exp0": 0.169491525424}, "0.2025754292307692": {"exp0": 0.172413793103}, "0.20585959846153848": {"exp0": 0.175438596491}, "0.2094561507692308": {"exp0": 0.178571428571}, "0.21338559846153846": {"exp0": 0.181818181818}, "0.21790195538461538": {"exp0": 0.185185185185}, "0.22256662769230767": {"exp0": 0.188679245283}, "0.22763814615384617": {"exp0": 0.192307692308}, "0.23314613230769227": {"exp0": 0.196078431373}, "0.23935477538461536": {"exp0": 0.2}, "0.2458368923076923": {"exp0": 0.204081632653}, "0.25286381999999996": {"exp0": 0.208333333333}, "0.2604795892307692": {"exp0": 0.212765957447}, "0.26896464923076924": {"exp0": 0.217391304348}, "0.27791020615384615": {"exp0": 0.222222222222}, "0.2876084446153846": {"exp0": 0.227272727273}, "0.2983586723076923": {"exp0": 0.232558139535}, "0.3097736353846154": {"exp0": 0.238095238095}, "0.32217016769230766": {"exp0": 0.243902439024}, "0.33587589384615385": {"exp0": 0.25}, "0.3505361892307692": {"exp0": 0.25641025641}, "0.3667371784615384": {"exp0": 0.263157894737}, "0.3841555492307692": {"exp0": 0.27027027027}, "0.4034139523076923": {"exp0": 0.277777777778}, "0.4244634369230769": {"exp0": 0.285714285714}, "0.4472823092307693": {"exp0": 0.294117647059}, "0.4725758353846154": {"exp0": 0.30303030303}, "0.5003930061538462": {"exp0": 0.3125}, "0.5310603507692307": {"exp0": 0.322580645161}, "0.5649597076923076": {"exp0": 0.333333333333}, "0.6025398707692308": {"exp0": 0.344827586207}, "0.644331183076923": {"exp0": 0.357142857143}, "0.6909639815384616": {"exp0": 0.37037037037}, "0.74319212": {"exp0": 0.384615384615}, "0.8019231800000001": {"exp0": 0.4}, "0.8684892230769231": {"exp0": 0.416666666667}, "0.9440035753846153": {"exp0": 0.434782608696}, "1.029892030769231": {"exp0": 0.454545454545}, "1.1286787753846153": {"exp0": 0.47619047619}, "1.242952793846154": {"exp0": 0.5}, "1.3755388661538461": {"exp0": 0.526315789474}, "1.531125883076923": {"exp0": 0.555555555556}, "1.7149866923076924": {"exp0": 0.588235294118}, "1.9343981076923076": {"exp0": 0.625}, "2.1991410153846154": {"exp0": 0.666666666667}, "2.522842": {"exp0": 0.714285714286}, "2.9242397846153843": {"exp0": 0.769230769231}, "3.4299635230769225": {"exp0": 0.833333333333}, "4.079617569230769": {"exp0": 0.909090909091}, "4.921294984615384": {"exp0": 1.0}, "6.0881511999999995": {"exp0": 1.11111111111}, "7.701721723076924": {"exp0": 1.25}, "10.055023446153848": {"exp0": 1.42857142857}, "13.680459892307692": {"exp0": 1.66666666667}, "19.692918461538465": {"exp0": 2.0}, "30.76083876923077": {"exp0": 2.5}}