{"0.1804117510909091": {"exp0": 0.140845070423}, "0.18076121": {"exp0": 0.142857142857}, "0.18126341618181818": {"exp0": 0.144927536232}, "0.18192542727272726": {"exp0": 0.147058823529}, "0.18290825818181822": {"exp0": 0.149253731343}, "0.18391322727272727": {"exp0": 0.151515151515}, "0.18510256": {"exp0": 0.153846153846}, "0.18648575272727275": {"exp0": 0.15625}, "0.1880730581818182": {"exp0": 0.15873015873}, "0.1900289836363636": {"exp0": 0.161290322581}, "0.19205869272727272": {"exp0": 0.16393442623}, "0.19432861454545453": {"exp0": 0.166666666667}, "0.19700629818181822": {"exp0": 0.169491525424}, "0.19980025272727273": {"exp0": 0.172413793103}, "0.20288060909090908": {"exp0": 0.175438596491}, "0.20641900181818185": {"exp0": 0.178571428571}, "0.21012848": {"exp0": 0.181818181818}, "0.21418420909090907": {"exp0": 0.185185185185}, "0.2187634181818182": {"exp0": 0.188679245283}, "0.2235854018181818": {"exp0": 0.192307692308}, "0.22898570909090907": {"exp0": 0.196078431373}, "0.23468911636363635": {"exp0": 0.2}, "0.2410373290909091": {"exp0": 0.204081632653}, "0.24776206": {"exp0": 0.208333333333}, "0.2552128218181818": {"exp0": 0.212765957447}, "0.26313016181818183": {"exp0": 0.217391304348}, "0.27187360181818176": {"exp0": 0.222222222222}, "0.28134848": {"exp0": 0.227272727273}, "0.2914670509090909": {"exp0": 0.232558139535}, "0.30260970363636364": {"exp0": 0.238095238095}, "0.31470568": {"exp0": 0.243902439024}, "0.3278480909090909": {"exp0": 0.25}, "0.34214213272727273": {"exp0": 0.25641025641}, "0.35770702909090907": {"exp0": 0.263157894737}, "0.37467832363636366": {"exp0": 0.27027027027}, "0.39321064727272725": {"exp0": 0.277777777778}, "0.41348103454545454": {"exp0": 0.285714285714}, "0.4358463218181819": {"exp0": 0.294117647059}, "0.46023444545454545": {"exp0": 0.30303030303}, "0.48722416363636367": {"exp0": 0.3125}, "0.5168252272727273": {"exp0": 0.322580645161}, "0.5497145672727273": {"exp0": 0.333333333333}, "0.5861738509090909": {"exp0": 0.344827586207}, "0.6267171854545455": {"exp0": 0.357142857143}, "0.6721089981818182": {"exp0": 0.37037037037}, "0.7227733127272727": {"exp0": 0.384615384615}, "0.7798966781818182": {"exp0": 0.4}, "0.8443925618181818": {"exp0": 0.416666666667}, "0.9175646727272727": {"exp0": 0.434782608696}, "1.00117296": {"exp0": 0.454545454545}, "1.0970621054545455": {"exp0": 0.47619047619}, "1.2077418636363637": {"exp0": 0.5}, "1.3365527636363637": {"exp0": 0.526315789474}, "1.4874379836363634": {"exp0": 0.555555555556}, "1.665886741818182": {"exp0": 0.588235294118}, "1.8787997818181819": {"exp0": 0.625}, "2.135811963636364": {"exp0": 0.666666666667}, "2.449908363636364": {"exp0": 0.714285714286}, "2.839254181818182": {"exp0": 0.769230769231}, "3.3297346727272727": {"exp0": 0.833333333333}, "3.9600485272727277": {"exp0": 0.909090909091}, "4.788398763636364": {"exp0": 1.0}, "5.90783349090909": {"exp0": 1.11111111111}, "7.472659981818182": {"exp0": 1.25}, "9.754589727272728": {"exp0": 1.42857142857}, "13.2699664": {"exp0": 1.66666666667}, "19.09972909090909": {"exp0": 2.0}, "29.831523636363634": {"exp0": 2.5}}