{"0.17957244399999997": {"exp0": 0.13698630137}, "0.17984276133333332": {"exp0": 0.138888888889}, "0.18025606533333333": {"exp0": 0.140845070423}, "0.180818732": {"exp0": 0.142857142857}, "0.1815376026666667": {"exp0": 0.144927536232}, "0.18242002666666668": {"exp0": 0.147058823529}, "0.183473904": {"exp0": 0.149253731343}, "0.18470773999999998": {"exp0": 0.151515151515}, "0.18613069599999998": {"exp0": 0.153846153846}, "0.18775265733333332": {"exp0": 0.15625}, "0.18958429999999998": {"exp0": 0.15873015873}, "0.19163716533333333": {"exp0": 0.161290322581}, "0.19392375200000003": {"exp0": 0.16393442623}, "0.1967807026666667": {"exp0": 0.166666666667}, "0.19957652799999998": {"exp0": 0.169491525424}, "0.20265030933333336": {"exp0": 0.172413793103}, "0.20601944133333333": {"exp0": 0.175438596491}, "0.209702892": {"exp0": 0.178571428571}, "0.2137213613333333": {"exp0": 0.181818181818}, "0.21809749066666667": {"exp0": 0.185185185185}, "0.222856072": {"exp0": 0.188679245283}, "0.2280243093333333": {"exp0": 0.192307692308}, "0.23363209333333332": {"exp0": 0.196078431373}, "0.2400354306666667": {"exp0": 0.2}, "0.24662444": {"exp0": 0.204081632653}, "0.25376234133333336": {"exp0": 0.208333333333}, "0.261493572": {"exp0": 0.212765957447}, "0.269867456": {"exp0": 0.217391304348}, "0.2789388533333333": {"exp0": 0.222222222222}, "0.28909202266666667": {"exp0": 0.227272727273}, "0.29974914266666663": {"exp0": 0.232558139535}, "0.3113098986666667": {"exp0": 0.238095238095}, "0.32386033866666664": {"exp0": 0.243902439024}, "0.33749740133333334": {"exp0": 0.25}, "0.3526536946666667": {"exp0": 0.25641025641}, "0.36880716399999997": {"exp0": 0.263157894737}, "0.386422016": {"exp0": 0.27027027027}, "0.4059823186666666": {"exp0": 0.277777777778}, "0.42702621066666663": {"exp0": 0.285714285714}, "0.4500885826666667": {"exp0": 0.294117647059}, "0.4757368893333333": {"exp0": 0.30303030303}, "0.5036081186666667": {"exp0": 0.3125}, "0.5346779679999999": {"exp0": 0.322580645161}, "0.568685652": {"exp0": 0.333333333333}, "0.6067302586666666": {"exp0": 0.344827586207}, "0.6487008773333333": {"exp0": 0.357142857143}, "0.6958798159999999": {"exp0": 0.37037037037}, "0.7487048133333333": {"exp0": 0.384615384615}, "0.807768764": {"exp0": 0.4}, "0.8748284906666666": {"exp0": 0.416666666667}, "0.9509182133333334": {"exp0": 0.434782608696}, "1.0377105613333333": {"exp0": 0.454545454545}, "1.1372856906666668": {"exp0": 0.47619047619}, "1.2525795546666667": {"exp0": 0.5}, "1.3862642400000003": {"exp0": 0.526315789474}, "1.5429276799999998": {"exp0": 0.555555555556}, "1.7284481066666666": {"exp0": 0.588235294118}, "1.9498464666666666": {"exp0": 0.625}, "2.2169940133333332": {"exp0": 0.666666666667}, "2.5434095066666664": {"exp0": 0.714285714286}, "2.948327746666667": {"exp0": 0.769230769231}, "3.4582114133333333": {"exp0": 0.833333333333}, "4.1136766": {"exp0": 0.909090909091}, "4.975637466666667": {"exp0": 1.0}, "6.14032424": {"exp0": 1.11111111111}, "7.7682266533333335": {"exp0": 1.25}, "10.142869199999998": {"exp0": 1.42857142857}, "13.801015466666666": {"exp0": 1.66666666667}, "19.867883333333335": {"exp0": 2.0}, "31.0365348": {"exp0": 2.5}}